DROP TABLE IF EXISTS `Models`;
CREATE TABLE `Models`(
`cod` mediumint(8) NOT NULL auto_increment,
`name` text character set utf8 collate utf8_unicode_ci,
`comment`text character set utf8 collate utf8_unicode_ci,
`razmerov` mediumint(2) default NULL,  
`weight` float  default NULL,  
`line` text character set utf8 collate utf8_unicode_ci,  
`material` mediumint(5) default NULL,  
`status` int(1) default NULL,  
`kategoria` int(1) default NULL,  
`photo` text character set utf8 collate utf8_unicode_ci,  
PRIMARY KEY (`cod`) );  

INSERT INTO `Models` (`cod`,`name`, `comment`,`razmerov`,`weight`,`line`,`material`,`status`,`kategoria`,`photo` )VALUES 
(00071,'193', '', 4, 0,'32/2-34-36-38            ', 7, 3, 3,'/photo/193.jpg' ),
(00162,'193', '', 3, 0,'32/2-34-36               ', 7, 1, 3,'/photo/193.jpg' ),
(00411,'193 Бенгалин Полоска 32/1- 36', '', 4, 0,'32/1-32/2-34-36          ', 7, 3, 3,'/photo/193.jpg' ),
(00088,'194', '', 4, 0,'32/2-34-36-38            ', 7, 3, 3,'/photo/194.jpg' ),
(00077,'201', '', 4, 0,'34-36-38-40              ', 12, 3, 3,'/photo/201.jpg' ),
(00076,'208', '', 4, 0,'34-36-38-40              ', 7, 3, 3,'/photo/208.jpg' ),
(00075,'210', '', 4, 0,'34-36-38-40              ', 8, 3, 3,'/photo/210.jpg' ),
(00095,'276', '', 4, 0,'34-36-38-40              ', 7, 3, 3,'/photo/276.jpg' ),
(00104,'276', '', 5, 0,'32/2-34-36-38-40         ', 7, 1, 3,'/photo/276.jpg' ),
(00115,'278', '', 4, 0,'34-36-38-40              ', 8, 3, 3,'/photo/278.jpg' ),
(00110,'278', '', 5, 0,'32/2-34-36-38-40         ', 8, 3, 3,'/photo/278.jpg' ),
(00137,'279', '', 4, 0,'34-36-38-40              ', 3, 3, 3,'/photo/279.jpg' ),
(00093,'279', '', 5, 0,'32/2-34-36-38-40         ', 3, 3, 3,'/photo/279.jpg' ),
(00106,'279', '', 4, 0,'34-36-38-40              ', 3, 3, 3,'/photo/279.jpg' ),
(00105,'279А', '', 4, 0,'34-36-38-40              ', 3, 3, 3,'/photo/279a.jpg' ),
(00092,'279А', '', 5, 0,'32/2-34-36-38-40         ', 3, 3, 3,'/photo/279a.jpg' ),
(00130,'279А', '', 4, 0,'34-36-38-40              ', 3, 3, 3,'/photo/279a.jpg' ),
(00294,'279А Текстиль+376 Брюки', '', 4, 0,'34-40                    ', 0, 3, 0,'/photo/279a.jpg' ),
(00121,'281', '', 4, 0,'34-36-38-40              ', 7, 3, 3,'/photo/281.jpg' ),
(00107,'281', '', 5, 0,'32/2-34-36-38-40         ', 7, 3, 3,'/photo/281.jpg' ),
(00124,'281', '', 4, 0,'34-36-38-40              ', 7, 3, 3,'/photo/281.jpg' ),
(99606,'377 Блузка Супрем 34-40', '', 4, 0,'34,36,38,40              ', 33, 3, 3,'/photo/photo/377.jpg' ),
(00298,'377 трикотаж х/б тонкий', '', 5, 0,'34-36-38-40-42           ', 23, 3, 3,'/photo/377.jpg' ),
(00297,'378 трикотаж х/б тонкий', '', 5, 0,'34-36-38-40-42           ', 23, 3, 3,'/photo/378.jpg' ),
(00300,'379 Бенгалин Полоска белый', '', 5, 0,'34-36-38-40-42           ', 7, 3, 3,'/photo/379.jpg' ),
(00424,'379+379А Бенгалин полоска (1комплект жабо)', '', 4, 0,'36-38-40-42              ', 7, 1, 3,'/photo/379.jpg' ),
(00423,'379+379А Бенгалин Полоска (2комплекта жабо)', '', 4, 0,'36-38-40-42              ', 7, 1, 3,'/photo/379.jpg' ),
(00295,'380 трикотаж х/б тонкий', '', 5, 0,'34-36-38-40-42           ', 23, 3, 3,'/photo/380.jpg' ),
(00301,'381 бенгалин', '', 4, 0,'34-36-38-40              ', 12, 3, 3,'/photo/381.jpg' ),
(99609,'383 Блузка Супрем (34-40)', '', 4, 0,'34,36,38,40              ', 33, 3, 3,'/photo/photo/383.jpg' ),
(00307,'383 трикотаж х/б', '', 4, 0,'34-36-38-40              ', 9, 3, 3,'/photo/383.jpg' ),
(00421,'432 Бенгалин Полоска', '', 4, 0,'36-38-40-42              ', 7, 1, 3,'/photo/432.jpg' ),
(00426,'434 Гипюр Сетка', '', 4, 0,'32/2-34-36-38            ', 29, 3, 3,'/photo/434.jpg' ),
(00428,'436 Тр.Ит.+Шифон Креп', '', 4, 0,'34-36-38-40              ', 8, 1, 3,'/photo/photo/436.jpg' ),
(00431,'437 Бенгалин Полоска', '', 4, 0,'34-42                    ', 7, 1, 3,'/photo/437.jpg' ),
(99642,'463 Блузка 32/2-40', '', 5, 0,'32/2-40                  ', 15, 3, 3,'' ),
(99687,'524 Блузка Гипюр+Барби 32/1-40', '', 6, 0,'32/1-40                  ', 29, 3, 3,'/photo/524.jpg' ),
(00033,'259', '', 4, 0.247,'34-36-38-40              ', 2, 3, 4,'/photo/259.jpg' ),
(00403,'205 Брюки+Подтяжки   Эластик', '', 4, 0,'34-36-38-40              ', 14, 3, 3,'/photo/205.jpg' ),
(00404,'214 Трикотаж х/б', '', 4, 0,'34-36-38-40              ', 9, 3, 3,'/photo/214.jpg' ),
(00288,'376 Брюки Текстиль', '', 4, 0,'34-36-38-40              ', 3, 3, 3,'/photo/376.jpg' ),
(99614,'480 Брюки (32/1-40)', '', 6, 0,'32/1,32/2,34,36,38,40    ', 34, 3, 3,'/photo/photo/480 брюки.jpg' ),
(00072,'191', '', 4, 0.28,'32/2-34-36-38            ', 2, 3, 3,'/photo/191.jpg' ),
(00087,'191', '', 4, 0.26,'32/2-34-36-38            ', 9, 3, 3,'/photo/191.jpg' ),
(00163,'191', '', 4, 0.28,'32/2-34-36-38            ', 2, 3, 3,'/photo/191.jpg' ),
(00172,'191 Трикотаж х/б докрой', '', 2, 0,'34-36                    ', 0, 3, 0,'/photo/191.jpg' ),
(00079,'213', '', 4, 0,'34-36-38-40              ', 3, 3, 3,'/photo/213.jpg' ),
(00027,'248', '', 4, 0.305,'34-36-38-40              ', 2, 3, 4,'/photo/248.jpg' ),
(00032,'260', '', 4, 0.313,'34-36-38-40              ', 2, 3, 4,'/photo/260.jpg' ),
(00120,'277', '', 4, 0.196,'34-36-38-40              ', 2, 3, 3,'/photo/277.jpg' ),
(00083,'277 нет цены', '', 5, 0.385,'32/2-34-36-38-40         ', 3, 3, 3,'/photo/277.jpg' ),
(00086,'277 нет цены', '', 4, 0.196,'34-36-38-40              ', 3, 3, 3,'/photo/277ж.jpg' ),
(00117,'280', '', 4, 0,'34-36-38-40              ', 3, 3, 3,'/photo/280.jpg' ),
(00109,'280', '', 5, 0,'32/2-34-36-38-40         ', 3, 3, 3,'/photo/280.jpg' ),
(00098,'282 Жакет', '', 4, 0,'34-36-38-40              ', 3, 3, 3,'/photo/photo/282.jpg' ),
(00132,'288 Жакет', '', 4, 0,'34-36-38-40              ', 3, 3, 3,'/photo/288_jaket.jpg' ),
(00353,'288 Текстиль Жакет 321-44', '', 8, 0,'32/1-32/2-42-44          ', 3, 3, 3,'/photo/288_jaket.jpg' ),
(00167,'289 Жакет', '', 0, 0,'                         ', 13, 3, 3,'/photo/289a.jpg' ),
(00234,'324', '', 4, 0,'34-36-38-40              ', 3, 3, 3,'/photo/324.jpg' ),
(00296,'367  Жакет Текстиль', '', 4, 0,'34-36-38-40              ', 3, 1, 3,'/photo/367_kostum.jpg' ),
(00299,'368 Жакет Текстиль', '', 4, 0,'34-36-38-40              ', 3, 1, 3,'/photo/368.jpg' ),
(00310,'371 жакет текстиль', '', 4, 0,'34-36-38-40              ', 3, 1, 3,'/photo/photo/371.jpg' ),
(00347,'371 жакет текстиль 321-44', '', 4, 0,'321-322-42-44            ', 3, 3, 3,'/photo/371.jpg' ),
(00377,'410 Плащевка Нейлон', '', 5, 0,'34-36-38-40-42           ', 6, 1, 4,'/photo/410.jpg' ),
(00376,'411 Плащевка Стеганная', '', 4, 0,'36-38-40-42              ', 6, 1, 4,'/photo/photo/411.jpg' ),
(99711,'522 Аврора 34-40', '', 4, 0,'34-40                    ', 46, 3, 2,'' ),
(99710,'522 Спандекс 34-40', '', 4, 0,'34-40                    ', 45, 3, 2,'' ),
(00026,'250', '', 4, 0.5,'34-36-38-40              ', 2, 1, 2,'/photo/250.jpg' ),
(00100,'277 Костюм 34-40', '', 4, 0.385,'34-36-38-40              ', 3, 3, 3,'/photo/277.jpg' ),
(00443,'277 Костюм Текстиль  32/2-34-36-38-40', '', 5, 0,'32/2-34-36-38-40         ', 3, 3, 3,'/photo/277.jpg' ),
(00138,'280', '', 4, 0,'34-36-38-40              ', 3, 3, 3,'/photo/280_kostum.jpg' ),
(00119,'280', '', 4, 0,'34-36-38-40              ', 3, 3, 3,'/photo/280_kostum.jpg' ),
(00099,'282', '', 4, 0,'34-36-38-40              ', 3, 3, 3,'/photo/282kost.jpg' ),
(00101,'282 обр', '', 5, 0,'32/2-34-36-38-40         ', 3, 3, 3,'/photo/282_kostum.jpg' ),
(00133,'288', '', 4, 0.438,'34-36-38-40              ', 3, 3, 3,'/photo/288_kostum.jpg' ),
(00169,'289 Костюм', '', 0, 0,'                         ', 13, 3, 3,'/photo/289_kostum.jpg' ),
(00280,'366 Текстиль Костюм', '', 4, 0,'34-36-38-40              ', 3, 3, 3,'/photo/366_kostum.jpg' ),
(00435,'366 Текстиль Костюм 32/1-40', '', 6, 0,'32/1-32/2-34-36-38-40    ', 3, 3, 3,'/photo/366_kostum.jpg' ),
(00293,'366 Текстиль Костюм без крылышек', '', 4, 0,'34-36-38-40              ', 3, 1, 3,'/photo/366_kostum.jpg' ),
(00348,'366 Текстиль Костюм без крылышек 321-44', '', 8, 0,'321-44                   ', 3, 3, 3,'/photo/366_kostum.jpg' ),
(00292,'367 Тройка Костюм текстиль', '', 4, 0,'34-36-38-40              ', 3, 1, 3,'/photo/367_kostum.jpg' ),
(00282,'367_костюм текстиль', '', 4, 0,'34-36-38-40              ', 3, 3, 3,'/photo/367_kostum.jpg' ),
(00434,'367_костюм текстиль 36-42', '', 4, 0,'36-42                    ', 3, 1, 3,'/photo/367_kostum.jpg' ),
(00283,'368 Костюм Текстиль', '', 4, 0,'36-36-38-40              ', 3, 3, 3,'/photo/368.jpg' ),
(00284,'370 костюм текстиль', '', 4, 0,'34-36-38-40              ', 3, 3, 3,'/photo/370.jpg' ),
(00291,'370 Тройка Костюм Текстиль', '', 4, 0,'34-36-38-40              ', 3, 1, 3,'/photo/370.jpg' ),
(00302,'371 костюм текстиль', '', 4, 0,'34-36-38-40              ', 3, 3, 3,'/photo/371.jpg' ),
(00289,'375 Костюм Текстиль', '', 4, 0,'34-36-38-40              ', 3, 3, 3,'/photo/375.jpg' ),
(00354,'375 Костюм Текстиль 321-44', '', 8, 0,'321-44                   ', 3, 3, 3,'/photo/375.jpg' ),
(00290,'375 Тройка Костюм Текстиль', '', 4, 0,'34-36-38-40              ', 3, 1, 3,'/photo/375.jpg' ),
(00427,'433+433А Атлас х/б', '', 4, 0,'32/2-34-36-38            ', 13, 1, 3,'/photo/433+433а.jpg' ),
(00433,'433+433А Текстиль', '', 4, 0,'32/2-34-36-38            ', 3, 1, 3,'/photo/433+433а.jpg' ),
(99643,'492 Юбка+Футболка с принтом 32/1-36', '', 4, 0,'32/1-36                  ', 33, 3, 2,'' ),
(99651,'500 Блузка+Юбка 32/2-40', '', 5, 0,'32/2-40                  ', 42, 3, 2,'/photo/photo/500.jpg' ),
(99838,'583 Жилетка+юбка Барби 30/2-36', '', 5, 0,'30/2-36                  ', 31, 3, 3,'' ),
(99841,'583 Жилетка+юбка Босс 30/2-36', '', 5, 0,'30/2-36                  ', 51, 3, 3,'' ),
(00057,'163', '', 4, 0.5,'32/2-34-36-38            ', 4, 3, 4,'/photo/163.jpg' ),
(97800,'177', '', 5, 0,'32/1-32/2-34-36-38       ', 4, 3, 4,'' ),
(97700,'178', '', 5, 0.399,'32/1-32/2-34-36-38       ', 4, 3, 4,'' ),
(00019,'190', '', 4, 0.415,'32/2-34-36-38            ', 6, 3, 4,'/photo/190.jpg' ),
(00008,'228', '', 0, 0,'                         ', 4, 3, 4,'/photo/228.jpg' ),
(00243,'241', '', 4, 0,'34-36-38-40              ', 4, 3, 4,'/photo/241.jpg' ),
(00007,'244', '', 4, 0,'34-36-38-40              ', 4, 3, 4,'/photo/244.jpg' ),
(00006,'254', '', 0, 0,'                         ', 4, 3, 4,'/photo/255.jpg' ),
(00240,'327', '', 4, 0,'34-36-38-40              ', 4, 3, 4,'/photo/327.jpg' ),
(00242,'328', '', 4, 0,'34-36-38-40              ', 4, 3, 4,'/photo/328.jpg' ),
(00241,'329', '', 4, 0,'34-36-38-40              ', 4, 3, 4,'/photo/329.jpg' ),
(00248,'332', '', 4, 0,'34-36-38-40              ', 4, 3, 4,'/photo/332.jpg' ),
(00245,'333', '', 4, 0.75,'28/2-30/1-32/1-32/2      ', 4, 3, 4,'/photo/333.jpg' ),
(00246,'334', '', 4, 0,'34-36-38-40              ', 4, 3, 4,'/photo/334.jpg' ),
(00249,'336', '', 4, 0,'34-36-38-40              ', 4, 3, 4,'/photo/336.jpg' ),
(00362,'414 кашемир', '', 4, 0,'34-36-38-40              ', 4, 1, 4,'/photo/photo/414.jpg' ),
(00364,'416  Кашемир', '', 4, 0,'301-322                  ', 4, 1, 4,'/photo/photo/416.jpg' ),
(00466,'455 Кашемир', '', 5, 0,'30/1-30/2-32/1-32/2-34   ', 4, 3, 4,'/photo/455.jpg' ),
(00470,'459  Кашемир', '', 5, 0,'321-322-34-36-38         ', 4, 3, 4,'/photo/459.jpg' ),
(99635,'493 Пальто стеганое 32/1-38', '', 5, 0,'32/1-38                  ', 38, 3, 4,'/photo/493.jpg' ),
(99636,'494 Пальто стеганое 32/1-38', '', 5, 0,'32/1-38                  ', 38, 3, 4,'/photo/494.jpg' ),
(99637,'495 Пальто комбинированное 32/1-38', '', 5, 0,'32/1-38                  ', 39, 3, 4,'/photo/495.jpg' ),
(99640,'496 Пальто комбинированное 32/1-38', '', 5, 0,'32/1-38                  ', 39, 3, 4,'/photo/496.jpg' ),
(99639,'497 П/Пальто стеганое 32/1-38', '', 5, 0,'32/1-38                  ', 38, 3, 4,'/photo/497.jpg' ),
(99638,'498 П/Пальто стеганое 32/1-38', '', 5, 0,'32/1-38                  ', 38, 3, 4,'/photo/498.jpg' ),
(99653,'508 Пальто стеганое 32/1-38', '', 5, 0,'32/1-38                  ', 38, 3, 4,'/photo/photo/508.jpg' ),
(99735,'549 Пальто Кашемир 32/1-38', '', 5, 0,'32/1-38                  ', 4, 3, 4,'' ),
(99734,'550 Кашемир+стежка 32/1-38', '', 5, 0,'32/1-38                  ', 4, 3, 4,'' ),
(99737,'551 Кашемир 32/1-38', '', 5, 0,'32/1-38                  ', 4, 3, 0,'' ),
(99736,'552 Кашемир+замки 32/1-38', '', 5, 0,'32/1-38                  ', 4, 3, 4,'' ),
(99723,'1001 Креп-пунта+шифон 48-52', '', 4, 0,'46-52                    ', 47, 3, 2,'' ),
(99727,'1002  Креп-пунта+украшение+ремень 46-52', '', 4, 0,'46-52                    ', 47, 3, 2,'' ),
(99724,'1003 Барби+кружево 42-48', '', 4, 0,'42-48                    ', 31, 3, 2,'' ),
(99730,'1004 Барби 44-50', '', 4, 0,'44-50                    ', 31, 3, 2,'' ),
(99726,'1005 Барби+фукра 42-48', '', 4, 0,'42-48                    ', 31, 3, 2,'' ),
(99732,'1006 Барби 46-52', '', 4, 0,'46-52                    ', 31, 3, 2,'' ),
(99725,'1007 Креп-понта 46-52', '', 4, 0,'46-52                    ', 47, 3, 2,'' ),
(99728,'1008 Барби+замочки 46-52', '', 4, 0,'46-52                    ', 31, 3, 2,'' ),
(99729,'1009 Барби+Креп 46-52', '', 4, 0,'46-52                    ', 31, 3, 2,'' ),
(99731,'1010 Креп-пунта 46-52', '', 4, 0,'46-52                    ', 47, 3, 2,'' ),
(99200,'112', '', 5, 0.231,'30/2-30/2-32/1-32/2-34   ', 18, 3, 1,'/photo/112.jpg' ),
(00440,'112 Жакард+Атлас', '', 4, 0,'30/1-30/2-32/1-32/2      ', 0, 3, 0,'/photo/112.jpg' ),
(00165,'266 Атлас+Болеро№9 образцовая линейка', '', 0, 0,'                         ', 18, 1, 1,'/photo/266.jpg' ),
(00235,'306', '', 5, 0,'32/1-32/2-34-36-38       ', 11, 3, 1,'/photo/266.jpg' ),
(00233,'310 Шифон Купон', '', 4, 0,'32/2-38                  ', 24, 3, 0,'' ),
(00219,'311', '', 4, 0.475,'34-36-38-40              ', 8, 1, 1,'/photo/311.jpg' ),
(00221,'312', '', 4, 0,'34-36-38-40              ', 8, 1, 1,'/photo/312.jpg' ),
(00213,'314 +Перчатки№3', '', 4, 0,'34-36-38-40              ', 8, 3, 1,'/photo/314.jpg' ),
(00218,'315', '', 4, 0,'34-36-38-40              ', 8, 3, 1,'/photo/315.jpg' ),
(00216,'316', '', 4, 0,'34-36-38-40              ', 8, 3, 1,'/photo/316.jpg' ),
(00229,'317', '', 4, 0.285,'34-36-38-40              ', 8, 3, 1,'/photo/317.jpg' ),
(00222,'318', '!!!!!!!!!Цена на МОЛОКО  больше!!!!!!!', 4, 0.293,'34-36-38-40              ', 15, 1, 1,'/photo/318.jpg' ),
(00231,'319', '', 4, 0.266,'34-36-38-40              ', 15, 3, 1,'/photo/319.jpg' ),
(00228,'320', '', 4, 0.348,'34-36-38-40              ', 8, 3, 1,'/photo/320.jpg' ),
(00226,'320 предварительная', '', 0, 0,'                         ', 0, 1, 0,'/photo/320.jpg' ),
(00230,'321', '', 4, 0.375,'34-36-38-40              ', 8, 1, 1,'/photo/321.jpg' ),
(00227,'321 предварительная', '', 4, 0,'34-36-38-40              ', 8, 3, 1,'/photo/321.jpg' ),
(00237,'322', '', 4, 0,'34-36-38-40              ', 15, 1, 2,'/photo/322.jpg' ),
(00236,'323', '', 4, 0,'34-36-38-40              ', 9, 3, 2,'/photo/323.jpg' ),
(00238,'325', '', 4, 0.188,'34-36-38-40              ', 22, 3, 1,'/photo/325.jpg' ),
(00251,'337', '', 4, 0,'34-36-38-40              ', 8, 3, 1,'/photo/337.jpg' ),
(00252,'338', '', 4, 0.43,'34-36-38-40              ', 8, 3, 1,'/photo/338.jpg' ),
(00253,'340 +Перчатки№3', '', 4, 0.22,'34-36-38-40              ', 15, 3, 1,'/photo/340.jpg' ),
(00254,'341', '', 4, 0,'34-36-38-40              ', 15, 3, 1,'/photo/341.jpg' ),
(00260,'342', '', 4, 0,'34-36-38-40              ', 18, 1, 1,'/photo/342.jpg' ),
(00267,'342 Пояс молочный Атлас+Гипюр Мадина', '', 4, 0,'34-36-38-40              ', 18, 1, 1,'/photo/342.jpg' ),
(00258,'343', '', 4, 0,'36-38-40-42              ', 15, 1, 1,'/photo/343.jpg' ),
(00256,'344', '', 4, 0.37,'34-36-38-40              ', 15, 1, 1,'/photo/344.jpg' ),
(00255,'345', '', 4, 0.337,'34-36-38-40              ', 15, 3, 1,'/photo/345.jpg' ),
(00259,'346', '', 4, 0,'34-36-38-40              ', 13, 3, 1,'/photo/346.jpg' ),
(00275,'346 Атлас х/б блестящий с украшением', '', 4, 0,'34-36-38-40              ', 13, 1, 1,'/photo/346.jpg' ),
(00257,'348', '', 4, 0,'34-36-38-40              ', 13, 1, 1,'/photo/348.jpg' ),
(00269,'349 Атлас х/б блестящий+Болеро№9', '', 4, 0,'34-36-38-40              ', 13, 1, 1,'/photo/349.jpg' ),
(00265,'350 Атлас Горох Мелкий', '', 4, 0.382,'34-36-38-40              ', 1, 3, 1,'/photo/350.jpg' ),
(00271,'351 Шифон Креп+Атлас+Болеро№9', '', 4, 0,'34-36-38-40              ', 15, 1, 1,'/photo/351.jpg' ),
(00262,'352 Атлас х/б блестящий+Болеро№9', '', 4, 0,'34-36-38-40              ', 13, 1, 1,'/photo/352.jpg' ),
(00263,'353 Трикотаж х/б', '', 4, 0.331,'30/1-30/2-32/1-32/2      ', 9, 3, 2,'/photo/353.jpg' ),
(00272,'357 Атлас х/б блестящий', '', 4, 0,'34-36-38-40              ', 13, 1, 1,'/photo/357.jpg' ),
(00462,'357 Жакард+Атлас+Перчатки №5', '', 4, 0,'34-36-38-40              ', 25, 3, 1,'/photo/357.jpg' ),
(00438,'357 Жакард+Атлас+Перчатки(сетка)', '', 4, 0,'34-36-38-40              ', 25, 1, 1,'/photo/357.jpg' ),
(00277,'359 Шифон Креп+Тр.Ит.+Перчатки№3', '', 4, 0.301,'34-36-38-40              ', 15, 3, 1,'/photo/359.jpg' ),
(00278,'361 Атлас Горох Крупный+Атлас Горох Мелкий', '', 4, 0,'34-36-38-40              ', 1, 1, 1,'/photo/361.jpg' ),
(00340,'362 Шифон Креп+Тр.Ит+ПЕРЧАТКИ 3р.', '', 3, 0,'38-40-42                 ', 0, 3, 0,'/photo/362.jpg' ),
(00341,'362 Шифон Креп+Тр.Ит+ПЕРЧАТКИ+ШАРФ 3р.', '', 3, 0,'38-40                    ', 0, 3, 0,'/photo/362.jpg' ),
(00281,'362 Шифон Креп+Тр.Ит+Шарфик', '', 3, 0,'38-40-42                 ', 15, 1, 1,'/photo/362.jpg' ),
(00338,'362 Шифон Креп+Тр.Ит+Шарфик 3р.', '', 3, 0,'38-40                    ', 0, 3, 0,'/photo/362.jpg' ),
(00279,'363 Шифон Креп+Тр.Ит.+Болеро№7', '', 4, 0,'34-36-38-40              ', 15, 1, 1,'/photo/363.jpg' ),
(00286,'364 шифон креп', '', 5, 0.325,'34-36-38-40-42           ', 15, 1, 1,'/photo/364.jpg' ),
(00303,'373 трикотаж х/б', '', 4, 0.184,'30/2-32/1-32/2-34-36     ', 9, 3, 2,'/photo/373.jpg' ),
(00323,'393 Жакард', '', 5, 0.315,'30/1-30/2-32/1-32/2-34   ', 25, 1, 1,'/photo/393.jpg' ),
(00335,'393 Жакард 5р', '', 4, 0.315,'30/1-30/2-32/1-32/2-34   ', 25, 3, 1,'/photo/393.jpg' ),
(00321,'394 жакард', '', 4, 0.238,'34-36-38-40              ', 25, 1, 1,'/photo/394.jpg' ),
(00325,'394A', '', 4, 0,'34-36-38-40              ', 25, 1, 1,'/photo/394.jpg' ),
(00417,'394A Жакард Арбуз', '', 4, 0,'34-36-38-40              ', 25, 3, 1,'/photo/394.jpg' ),
(00418,'394A Жакард Желтый', '', 4, 0,'34-36-38-40              ', 25, 3, 1,'/photo/394.jpg' ),
(00395,'394A Жакард Молоко', '', 4, 0,'36-38-40-42              ', 25, 1, 1,'/photo/394.jpg' ),
(00416,'394A Жакард Цветок Нежно Розовый', '', 4, 0,'34-36-38-40              ', 25, 3, 1,'/photo/394.jpg' ),
(00445,'395  Жакард Голубая Бирюза+Атлас', '', 4, 0,'34-36-38-40              ', 25, 3, 1,'/photo/395.jpg' ),
(00388,'395  Жакард Лимон', '', 4, 0,'34-36-38-40              ', 25, 3, 1,'/photo/395.jpg' ),
(00401,'395  Жакард Молочный', '', 4, 0,'34-36-38-40              ', 25, 3, 1,'/photo/395.jpg' ),
(00400,'395  Жакард Нежно Розовый', '', 4, 0,'34-36-38-40              ', 25, 1, 1,'/photo/395.jpg' ),
(00453,'395  Жакард Персик+Атлас', '', 4, 0,'34-36-38-40              ', 25, 3, 1,'/photo/395.jpg' ),
(00439,'395  Жакард+отделка жакард', '', 5, 0,'34-42                    ', 25, 3, 1,'/photo/395.jpg' ),
(00322,'395 Жакард', '', 4, 0,'34-36-38-40              ', 25, 1, 1,'/photo/395.jpg' ),
(00387,'395 Жакард Арбуз', '', 4, 0,'34-36-38-40              ', 25, 1, 1,'/photo/395.jpg' ),
(00402,'395 Жакард Желтый', '', 4, 0,'34-36-38-40              ', 25, 1, 1,'/photo/395.jpg' ),
(00327,'396 атлас х/б', '', 4, 0.297,'36-38-40-42              ', 13, 1, 1,'/photo/396.jpg' ),
(00373,'396 Понта', '', 5, 0,'34-42                    ', 0, 3, 0,'/photo/396.jpg' ),
(00324,'397 трикотаж х/б', '', 4, 0.315,'34-36-38-40              ', 9, 3, 2,'/photo/397.jpg' ),
(00326,'397A трикотаж х/б', '', 4, 0.315,'30/1-30/2-32/1-32/2      ', 9, 3, 2,'/photo/397a.jpg' ),
(00329,'398 предв.', '', 4, 0,'34-36-38-40              ', 0, 3, 0,'/photo/398.jpg' ),
(00337,'398 Шифон Креп+Трикотаж Итальянский 34-40', '', 0, 0,'34-36-38-40              ', 15, 3, 1,'/photo/398.jpg' ),
(00359,'398 Шифон Креп+Трикотаж Итальянский 34-42', '', 5, 0,'34-36-38-40-42           ', 15, 3, 1,'/photo/398.jpg' ),
(00328,'399 трикотаж х/б', '', 4, 0.334,'30/1-30/2-32/1-32/2      ', 9, 3, 2,'/photo/399.jpg' ),
(99656,'422 А Гипюр+Шифон+Тр.Фр 34-40', '', 4, 0,'34-40                    ', 29, 3, 1,'/photo/422.jpg' ),
(00374,'422 Шифон Креп+Тр.Итальянский', '', 4, 0,'36-38-40-42              ', 15, 1, 1,'/photo/422.jpg' ),
(00393,'426 Атлас (Корея)', '', 4, 0,'34-36-38-40              ', 18, 3, 1,'/photo/426.jpg' ),
(00477,'426 Атлас (Мадина)', '', 4, 0,'34-36-38-40              ', 18, 3, 1,'/photo/426.jpg' ),
(00392,'427 Трикотаж Итальянский', '', 4, 0,'36-38-40-42              ', 8, 1, 1,'/photo/427.jpg' ),
(00394,'428 Шифон Креп+Атлас', 'цена на цвета разная!!!!!', 4, 0,'34-36-38-40              ', 18, 3, 1,'/photo/428.jpg' ),
(00410,'429 Атлас+Шифон Креп+Болеро№9', '', 4, 0,'36-38-40-42              ', 18, 1, 1,'/photo/429.jpg' ),
(00436,'441 Тр.Ит.+Шифон Креп+Гипюр', '', 5, 0,'28/2-32/2                ', 15, 1, 1,'/photo/441.jpg' ),
(00444,'442 Атлас хб Цветной', '', 5, 0,'30-1-30/2-32/1-32/2-34   ', 30, 1, 1,'/photo/442.jpg' ),
(00460,'442 Атлас хб Цветной мал.гр. 5р-ров', '', 5, 0,'30-1-30/2-32/1-32/2-34   ', 30, 3, 1,'/photo/442.jpg' ),
(00452,'442А  Атлас хб Цветной', '', 4, 0,'36-38-40-42              ', 30, 1, 1,'/photo/442а.jpg' ),
(00448,'443 Шифон Креп+Тр.Ит', '', 4, 0,'34-36-38-40              ', 15, 3, 1,'/photo/443.jpg' ),
(00447,'444Шифон Креп+Тр.Ит', '', 4, 0,'34-36-38-40              ', 15, 3, 1,'/photo/444.jpg' ),
(00442,'446 А Шифон Креп+Тр.Ит', '', 4, 0,'34-36-38-40              ', 15, 3, 1,'/photo/446a.jpg' ),
(00441,'446 Шифон Креп+Тр.Ит+Перчатки№3', '', 4, 0,'30/1-30/2-32/1-32/2      ', 15, 3, 1,'/photo/446.jpg' ),
(00457,'449 Шифон Креп+Атлас+Перчатки', 'НЕОНЛИМОН ДР ЦЕНА!!!!!!!!!!!!!!!!!!', 4, 0,'34-36-38-40              ', 15, 3, 1,'/photo/449.jpg' ),
(00461,'452 Барби', '', 5, 0,'34-36-38-40-42           ', 31, 3, 1,'/photo/452.jpg' ),
(00467,'457 Жакард', '', 5, 0,'28/2-30/1-30/2-32/1-32/2 ', 25, 3, 2,'/photo/photo/457.jpg' ),
(99623,'460 А Гипюр Сетка+Фатин 30/2-34', '', 4, 0,'30/2-34                  ', 29, 3, 1,'/photo/460.jpg' ),
(00469,'460 Гипюр Сетка+Фатин 30/1-34', '', 5, 0,'301-302-321-322-34       ', 29, 3, 1,'/photo/460.jpg' ),
(99622,'460 Гипюр+Фатин 30/2-34', '', 4, 0,'30/2,32/1,32/2,34        ', 29, 3, 1,'/photo/photo/460.jpg' ),
(99644,'465 А Жакард 32/2-38', '', 4, 0,'32/2-38                  ', 25, 3, 1,'/photo/photo/465.jpg' ),
(00474,'465 Жакард 32/2-38', '', 4, 0,'32/2-34-36-38            ', 25, 3, 1,'/photo/photo/465.jpg' ),
(00476,'466 Гипюр Сетка+Атлас+Подъюбник№1', '', 4, 0,'32/2-34-36-38            ', 29, 3, 1,'/photo/photo/466.jpg' ),
(99602,'466 Гипюр Сетка+Атлас+Подъюбник№1+Перчатки', '', 4, 0,'32/2-34-36-38            ', 29, 3, 1,'/photo/466.jpg' ),
(99605,'466 Гипюр+Атлас+Подъюбник №1 образцовая', '', 5, 0,'32/2-34-36-38-40         ', 29, 3, 1,'/photo/466.jpg' ),
(00475,'467 Гипюр Сетка+Трикотаж+Подъюбник№1 32/2-38', '', 4, 0,'32/2-34-36-38            ', 29, 3, 1,'/photo/photo/467.jpg' ),
(99631,'468 Жакард+сетка с блеском 34-40', '', 4, 0,'34-40                    ', 25, 3, 1,'/photo/photo/468.jpg' ),
(99624,'470 Гипюр Сетка+Барби 32/2-38', '', 4, 0,'32/2-38                  ', 29, 3, 1,'/photo/470.jpg' ),
(99625,'472 Гипюр Сетка+Сетка с блеском 32/2-38', '', 4, 0,'32/2-38                  ', 29, 3, 1,'/photo/472.jpg' ),
(99650,'473 А Гипюр+Шифон+Перчатки 34-40', '', 4, 0,'34-40                    ', 29, 3, 1,'/photo/photo/473 а.jpg' ),
(00479,'473 Шифон-Креп+Гипюр сетка 34-40', '', 4, 0,'34,36,38,40              ', 15, 3, 1,'/photo/photo/473.jpg' ),
(99617,'474 Гипюр сетка+атлас+юбка фатин', '', 5, 0,'32/2,34,36,38,40         ', 29, 3, 1,'/photo/photo/474.jpg' ),
(99626,'481 Гипюр+сетка 30/2-36', '', 5, 0,'30/2-36                  ', 29, 3, 1,'/photo/481.jpg' ),
(99632,'482 Атлас горох+фатин+сумочка+ободок 26/1-30/1', '', 5, 0,'26/1-30/1                ', 1, 3, 1,'/photo/482.jpg' ),
(99633,'485 Атлас+Гипюр+Перчатки 30/2-34', '', 4, 0,'30/2-34                  ', 18, 3, 1,'/photo/485.jpg' ),
(99634,'486 Гипюр+съемный подъюбник 30/1-34', '', 5, 0,'30/1-34                  ', 29, 3, 1,'/photo/486.jpg' ),
(99628,'487 Атлас горох 32/1-38', '', 5, 0,'32/1-38                  ', 1, 3, 1,'/photo/487.jpg' ),
(99641,'488 Атлас жакард 30/2-34', '', 4, 0,'30/2-34                  ', 40, 3, 0,'/photo/488.jpg' ),
(99629,'489 Жакард 32/2-38', '', 4, 0,'32/2-38                  ', 25, 3, 1,'/photo/489.jpg' ),
(99627,'490  Гипюр на основе+накидка 28/2-32/1', '', 4, 0,'28/2-32/1                ', 37, 3, 1,'/photo/490.jpg' ),
(99645,'491 А Барби 32/2-38', '', 4, 0,'32/2-38                  ', 31, 3, 2,'/photo/491.jpg' ),
(99630,'491 Барби+Сетка 32/2-38', '', 4, 0,'32/2-38                  ', 31, 3, 1,'/photo/491.jpg' ),
(99652,'506 Барби+Гипюр 34-40', '', 4, 0,'34-40                    ', 31, 3, 1,'/photo/photo/506.jpg' ),
(99655,'507 А Шифон+Тр.Фр+Юбка на кольцах 30/1-32/2', '', 4, 0,'30/1-32/2                ', 15, 3, 1,'/photo/photo/507 а.jpg' ),
(99654,'507 Шифон+Тр. Фр 30/1-32/2', '', 4, 0,'30/1-32/2                ', 15, 3, 1,'/photo/photo/507.jpg' ),
(99657,'509 Барби+Сетка 32/2-42', '', 6, 0,'32/2-42                  ', 31, 3, 1,'/photo/photo/509.jpg' ),
(99661,'509 Барби+Сетка 34-40', '', 4, 0,'34-40                    ', 31, 3, 1,'/photo/photo/509.jpg' ),
(99664,'510 Барби флакон+Шифон 32/2-38', '', 4, 0,'32/2-38                  ', 44, 3, 1,'/photo/photo/510.jpg' ),
(99665,'511 Шифон+Цветок 34-40', '', 4, 0,'34-40                    ', 15, 3, 1,'/photo/photo/511.jpg' ),
(99679,'517 Гипюр+Шифон 30/2-34', '', 4, 0,'30/2-34                  ', 29, 3, 1,'/photo/photo/517.jpg' ),
(99666,'518 Барби+сетка 32/2-40', '', 5, 0,'32/2-40                  ', 31, 3, 1,'/photo/photo/518.jpg' ),
(99712,'530 Барби 32/2-40', '', 5, 0,'32/2-40                  ', 31, 3, 1,'/photo/photo/530.jpg' ),
(99708,'531 Барби+сетка 32/2-40', '', 5, 0,'32/2-40                  ', 31, 3, 1,'/photo/photo/531.jpg' ),
(99715,'531 Барби+сетка+д.ремень 32/2-40', '', 5, 0,'32/2-40                  ', 31, 3, 1,'/photo/photo/531.jpg' ),
(99709,'532 Барби+съемная юбка сетка 32/2-40', '', 5, 0,'32/2-40                  ', 31, 3, 1,'/photo/photo/532.jpg' ),
(99716,'532 Барби+съемная юбка сетка+д.ремень 32/2-40', '', 5, 0,'32/2-40                  ', 31, 3, 1,'/photo/photo/532.jpg' ),
(99750,'533 Гипюр+съемная юбка сетка+жемчуг 30/2-38', '', 5, 0,'30/2-38                  ', 29, 3, 1,'' ),
(99720,'533 Гипюр+съемная юбка сетка+подвеска 30/2-38', '', 6, 0,'30/2-38                  ', 29, 3, 1,'/photo/photo/533.jpg' ),
(99718,'534 Гипюр+Атлас 32/2-40', '', 5, 0,'32/2-40                  ', 29, 3, 1,'/photo/photo/534.jpg' ),
(99764,'535 Шифон+Ит.Тр+перчатки 32/2-40', '', 5, 0,'32/2-40                  ', 15, 3, 1,'' ),
(99733,'536 Атлас+подъюбник 28/2-32/1', '', 4, 0,'28/2-32/1                ', 48, 3, 1,'/photo/photo/536.jpg' ),
(99721,'537 Фатин+сетка 30/1-34', '', 5, 0,'30/1-34                  ', 36, 3, 1,'/photo/photo/537.jpg' ),
(99714,'538 Барби+сетка 32/2-40', '', 5, 0,'32/2-40                  ', 31, 3, 1,'/photo/photo/538.jpg' ),
(99747,'539 Барби+сублимация 32/2-40', '', 5, 0,'32/2-40                  ', 31, 3, 1,'' ),
(99738,'540 Блузка+юбка 32/2-40', '', 5, 0,'32/2-40                  ', 31, 3, 1,'' ),
(99748,'553 Блузка+юбка+жемчуг 32/2-40', '', 5, 0,'32/2-40                  ', 31, 3, 1,'' ),
(99849,'554 Гипюр+фатин 30/1-34', '', 5, 0,'30/1-34                  ', 29, 3, 1,'' ),
(99751,'555 Барби+жемчуг 32/2-40', '', 5, 0,'32/2-40                  ', 31, 3, 1,'' ),
(99752,'556 Барби Париж 32/2-40', '', 5, 0,'32/2-40                  ', 31, 3, 1,'' ),
(99742,'557 Барби Кармен', '', 5, 0,'32/2-40                  ', 31, 3, 1,'' ),
(99753,'558 Барби+гипюр 32/2-40', '', 5, 0,'32/2-40                  ', 31, 3, 1,'' ),
(99755,'559 Атлас+сетка 30/1-34', '', 5, 0,'30/1-34                  ', 18, 3, 1,'' ),
(99754,'560 Атлас+сетка 30/1-34', '', 5, 0,'30/1-34                  ', 18, 3, 1,'' ),
(99770,'566 Барби+шифон 32/2-40', '', 5, 0,'32/2-40                  ', 31, 3, 1,'' ),
(99861,'567 А Песок+фатин 32/2-40', '', 5, 0,'32/2-40                  ', 56, 3, 1,'' ),
(99860,'567 В Песок 32/2-40', '', 5, 0,'32/2-40                  ', 56, 3, 1,'' ),
(99855,'584 Паетки+тафта 30/1-34', '', 5, 0,'30/1-34                  ', 53, 3, 1,'' ),
(99856,'585 Сетка с вышивкой+юбка фатин 30/2-40', '', 7, 0,'30/2-40                  ', 54, 3, 1,'' ),
(99853,'588 Платье Барби+юбка бахрома+подвеска 32/1-38', '', 5, 0,'32/1-38                  ', 31, 3, 1,'' ),
(99854,'589 Блузка волан+юбка фатин+брошь 32/1-38', '', 5, 0,'32/1-38                  ', 31, 3, 1,'' ),
(99859,'600 Барби+бахрома 32/2-40', '', 5, 0,'32/2-40                  ', 31, 3, 1,'' ),
(99858,'600 Туран+бахрома 32/2-40', '', 5, 0,'32/2-40                  ', 55, 3, 1,'' ),
(99862,'606 Сетка-Вышивка+фатин 30/2-36', '', 5, 0,'30/2-36                  ', 54, 3, 1,'' ),
(99719,'701 Гипюр+съемная юбка шлейф+подвеска 30/2-38', '', 6, 0,'30/2-38                  ', 29, 3, 1,'/photo/photo/701.jpg' ),
(00143,'102', '', 4, 0.24,'32/2-34                  ', 1, 3, 1,'/photo/102.jpg' ),
(96600,'104', '', 5, 0,'28/1-28/2-30/1-30/2-32/1 ', 1, 3, 1,'/photo/104.jpg' ),
(97400,'110', '', 4, 0,'                         ', 18, 0, 1,'/photo/110.jpg' ),
(99601,'121', '', 5, 0,'32/1-34                  ', 21, 3, 4,'/photo/121.jpg' ),
(96800,'122', '', 4, 0,'32/2-34-36-38            ', 18, 3, 0,'' ),
(97000,'123', '', 5, 0,'32/1-32/2-34-36-38       ', 2, 3, 0,'' ),
(96700,'124', '', 4, 0,'                         ', 0, 0, 0,'' ),
(97300,'130', '', 5, 0.32,'30/1-30/2-32/1-32/2-34   ', 18, 3, 1,'/photo/130.jpg' ),
(97500,'132', '', 5, 0,'30/1-30/2-32/1-32/2-34   ', 18, 3, 1,'/photo/132.jpg' ),
(98400,'133', '', 5, 0.163,'                         ', 16, 3, 2,'/photo/133.jpg' ),
(97100,'141', '', 5, 0,'32/1-32/2-34-36-38       ', 18, 3, 0,'' ),
(97600,'142', '', 5, 0.136,'32/1-32/2-34-36-38       ', 16, 3, 2,'/photo/142.jpg' ),
(99600,'142', '', 5, 0,'32/2-32/2-34-36-38       ', 2, 3, 0,'/photo/142.jpg' ),
(98300,'146', '', 5, 0.129,'32/1-32/2-34-36-38       ', 16, 3, 2,'/photo/146.jpg' ),
(00014,'150', '', 5, 0.22,'32/1-32/2-34-36-38       ', 2, 3, 2,'/photo/150.jpg' ),
(00178,'150', '', 4, 0,'32/2-34-36-38            ', 9, 3, 2,'/photo/150.jpg' ),
(00367,'150  Трикотаж х/б 282-321 мал.группа', '', 4, 0,'282-301-302-321          ', 0, 3, 0,'/photo/150.jpg' ),
(00174,'150  Трикотаж хб', '', 5, 0,'34-36-38-40              ', 9, 3, 2,'/photo/150.jpg' ),
(00177,'150 Трикотаж 322-38', '', 4, 0,'32/2-34-36-38            ', 0, 3, 0,'/photo/150.jpg' ),
(00081,'156', '', 4, 0,'34-36-38-40              ', 2, 3, 2,'/photo/156.jpg' ),
(00074,'158', '', 4, 0,'32/2--34-36-38           ', 3, 3, 3,'/photo/158.jpg' ),
(00420,'158 Текстиль усадочный 32/1-32/2-34-36', '', 4, 0,'32/1-36                  ', 0, 3, 0,'/photo/158.jpg' ),
(00412,'158 Текстиль усадочный 32/2-34-36', '', 3, 0,'32/2-36                  ', 0, 3, 0,'/photo/158.jpg' ),
(00022,'161', '', 4, 0.315,'32/2-34-36-38            ', 10, 3, 1,'/photo/161.jpg' ),
(00170,'162', '', 4, 0.275,'32/2-34-36-38            ', 2, 3, 2,'/photo/162.jpg' ),
(00173,'162', '', 4, 0.26,'32/2-34-36-38            ', 9, 3, 2,'/photo/162.jpg' ),
(00016,'164 +Перчатки№3', '', 4, 0.24,'32/2-34-36-38            ', 8, 3, 1,'/photo/164.jpg' ),
(97200,'165', '', 5, 0,'32/1-32/2-34-36-38       ', 12, 3, 0,'' ),
(95100,'165a', '', 4, 0.27,'32/2-34-36-38            ', 12, 3, 1,'' ),
(95200,'165б', '', 4, 0.27,'32/2-34-36-38            ', 12, 3, 1,'/photo/165b.jpg' ),
(00017,'169 +Болеро№7 с коротким рукавом', '', 4, 0,'32/2-34-36-38            ', 5, 3, 1,'/photo/169.jpg' ),
(00034,'170', '', 4, 0.352,'32/2-34-36-38            ', 2, 3, 2,'/photo/170.jpg' ),
(00041,'170 (32/1-38)', '', 5, 0.352,'32/1-32/2-34-36-38       ', 2, 3, 2,'/photo/170.jpg' ),
(96100,'171', '', 3, 0.143,'                         ', 0, 0, 0,'' ),
(95300,'172', '', 4, 0,'32/2-34-36-38            ', 5, 3, 1,'' ),
(00147,'181', '', 4, 0,'32/2-34-36-38            ', 2, 3, 2,'/photo/181.jpg' ),
(00223,'181 х/б', '', 4, 0,'32/2-34-36-38            ', 9, 3, 2,'/photo/181.jpg' ),
(99100,'183', '', 4, 0.218,'32/2-34-36-38            ', 18, 3, 0,'' ),
(00037,'186', '', 4, 0,'34-36-38-40              ', 2, 3, 1,'/photo/186.jpg' ),
(00224,'186', '', 4, 0,'34-36-38-40              ', 9, 3, 2,'/photo/186.jpg' ),
(00018,'188', '', 4, 0,'32/2-34-36-38            ', 5, 3, 1,'/photo/188.jpg' ),
(00023,'189 +Перчатки№3', '', 4, 0.326,'32/2-34-36-38            ', 8, 3, 1,'/photo/189.jpg' ),
(00045,'192 +Болеро№8', '', 4, 0.376,'34-36-38-40              ', 11, 3, 1,'/photo/192.jpg' ),
(00015,'197', '', 4, 0,'34-36-38-40              ', 8, 3, 1,'/photo/197.jpg' ),
(00091,'202', '', 4, 0,'34-36-38-40              ', 13, 3, 3,'/photo/202.jpg' ),
(00090,'202', '', 4, 0,'34-36-38-40              ', 3, 3, 3,'/photo/202.jpg' ),
(00089,'202', '', 4, 0,'34-36-38-40              ', 14, 3, 3,'/photo/202.jpg' ),
(00080,'203', '', 4, 0,'34-36-38-40              ', 3, 3, 3,'/photo/203.jpg' ),
(00094,'203', '', 4, 0,'34-36-38-40              ', 3, 3, 3,'/photo/203.jpg' ),
(95900,'215', '', 4, 0.226,'34-36-38-40              ', 2, 3, 2,'/photo/215.jpg' ),
(00148,'216', '', 4, 0.175,'34-36-38-40              ', 9, 3, 2,'/photo/216.jpg' ),
(00145,'217', '', 4, 0.32,'34-36-38-40              ', 2, 3, 2,'/photo/217.jpg' ),
(00144,'217 хб', '', 4, 0.25,'34-36-38-40              ', 9, 3, 2,'/photo/217.jpg' ),
(00225,'218', '', 4, 0,'34-36-38-40              ', 9, 3, 2,'/photo/218.jpg' ),
(00261,'218 Трикотаж', '', 4, 0,'34-36-38-40              ', 0, 3, 0,'/photo/photo/218.jpg' ),
(00139,'220', '', 2, 0.261,'34-36                    ', 2, 3, 2,'/photo/220.jpg' ),
(00232,'220 Трикотаж х/б', '', 3, 0.261,'34-36-38                 ', 9, 3, 2,'/photo/220-2.jpg' ),
(00317,'220 Трикотаж х/б', '', 4, 0.261,'34-36-38-40              ', 9, 3, 2,'/photo/220.jpg' ),
(98000,'222', '', 5, 0,'32/2-34-36-38-40         ', 2, 3, 0,'' ),
(95800,'223', '', 3, 0.218,'34-36-38/-40             ', 2, 0, 2,'/photo/223.jpg' ),
(00043,'224', '', 5, 0,'32/2-34-36-38-40         ', 15, 3, 1,'/photo/224.jpg' ),
(00042,'224', '', 4, 0,'34-36-38-40              ', 15, 1, 1,'/photo/224.jpg' ),
(00009,'224 нет цены', '', 5, 0,'32/2-34-36-38-40         ', 15, 1, 1,'/photo/224.jpg' ),
(00025,'225', '', 4, 0.368,'34-36-38-40              ', 5, 3, 1,'/photo/225.jpg' ),
(96300,'226', '', 5, 0,'32/2-34-36-38-40         ', 2, 3, 2,'' ),
(00063,'227', '', 4, 0.32,'34-36-38-40              ', 8, 3, 1,'/photo/227.jpg' ),
(00036,'230', '', 4, 0.696,'34-36-38-40              ', 15, 3, 1,'/photo/230.jpg' ),
(96400,'232', '', 5, 0.345,'32/2-34-36-38-40         ', 2, 3, 2,'' ),
(00146,'233', '', 4, 0.28,'34-36-38-40              ', 2, 3, 2,'/photo/233.jpg' ),
(00150,'233', '', 4, 0.26,'34-36-38-40              ', 9, 3, 2,'/photo/233.jpg' ),
(00035,'234', '', 4, 0,'34-36-38-40              ', 8, 3, 1,'/photo/234.jpg' ),
(00052,'234', '', 4, 0,'34-36-38-40              ', 8, 3, 1,'/photo/234.jpg' ),
(00066,'235', '', 4, 0.26,'34-36-38-40              ', 8, 3, 1,'/photo/235.jpg' ),
(00021,'235+', '', 4, 0.26,'34-36-38-40              ', 8, 3, 1,'/photo/235.jpg' ),
(99500,'236', '', 5, 0.302,'32/2-34-36-38-40         ', 2, 3, 2,'' ),
(95700,'238', '', 5, 0.29,'32/2-34-36-38-40         ', 2, 3, 2,'/photo/238.jpg' ),
(95400,'239', '', 5, 0.286,'32/2-34-36-38-40         ', 2, 3, 2,'/photo/239.jpg' ),
(95600,'240', '', 5, 0.22,'32/2-34-36-38-40         ', 2, 3, 2,'/photo/240.jpg' ),
(00031,'242', '', 4, 0.4,'34-36-38-40              ', 13, 1, 2,'/photo/242.jpg' ),
(99300,'245', '', 4, 0.262,'                         ', 0, 0, 0,'' ),
(95500,'249', '', 4, 0.27,'                         ', 0, 0, 0,'' ),
(00038,'252', '', 4, 0,'34-36-38-40              ', 8, 3, 1,'/photo/252.jpg' ),
(00039,'252', '', 5, 0,'32/2-34-36-38-40         ', 8, 3, 1,'/photo/252.jpg' ),
(00012,'253', '', 4, 0.315,'34-36-38-40              ', 9, 3, 2,'/photo/253.jpg' ),
(00011,'255', '', 4, 0.333,'34-36-38-40              ', 16, 3, 2,'/photo/255.jpg' ),
(00024,'256', '', 4, 0.338,'34-36-38-40              ', 2, 1, 2,'/photo/256.jpg' ),
(00029,'256', '', 5, 0.338,'32/2-34-36-38-40         ', 2, 1, 2,'/photo/256.jpg' ),
(00203,'256', '', 4, 0.338,'34-36-38-40              ', 2, 1, 2,'/photo/256.jpg' ),
(00194,'256 Трикотаж х/б эксперимент', '', 1, 0,'34                       ', 0, 3, 0,'/photo/256.jpg' ),
(00195,'256 Трикотаж эксперимент', '', 1, 0,'34                       ', 0, 3, 0,'/photo/256.jpg' ),
(00171,'256хб', '', 4, 0,'34-36-38-40              ', 9, 1, 2,'/photo/256.jpg' ),
(00202,'257', '', 4, 0,'34-36-38-40              ', 9, 3, 2,'/photo/257.jpg' ),
(00040,'258', '', 4, 0.22,'34-36-38-40              ', 2, 3, 2,'/photo/258-2.jpg' ),
(00142,'258', '', 4, 0.2,'34-36-38-40              ', 9, 3, 2,'/photo/258-2.jpg' ),
(00140,'258.', '', 2, 0.22,'34-36                    ', 2, 3, 2,'/photo/258.jpg' ),
(00010,'261', '', 4, 0.34,'34-36-38-40              ', 9, 3, 2,'/photo/261.jpg' ),
(00127,'262', '', 4, 0.325,'34-36-38-40              ', 2, 3, 2,'/photo/262.jpg' ),
(00175,'262', '', 4, 0.325,'34-36-38-40              ', 2, 1, 2,'/photo/262.jpg' ),
(00176,'262хб', '', 4, 0.325,'34-36-38-40              ', 9, 3, 2,'/photo/262.jpg' ),
(00047,'263', '', 4, 0.363,'34-36-38-40              ', 15, 3, 1,'/photo/263.jpg' ),
(00046,'263', '', 5, 0.363,'32/2-34-36-38-40         ', 15, 3, 1,'/photo/263.jpg' ),
(00048,'264', '', 4, 0.385,'34-36-38-40              ', 15, 3, 1,'/photo/264.jpg' ),
(00049,'264', '', 5, 0.385,'32/2-34-36-38-40         ', 15, 3, 1,'/photo/264.jpg' ),
(00078,'265', '', 5, 0.365,'32/2-34-36-38-40         ', 18, 3, 1,'/photo/265.jpg' ),
(00196,'265', '', 4, 0,'34-36-38-40              ', 0, 3, 0,'/photo/265.jpg' ),
(00059,'267', '', 4, 0.36,'34-36-38-40              ', 15, 3, 1,'/photo/267.jpg' ),
(00058,'267', '', 5, 0.32,'32/2-34-36-38-40         ', 15, 3, 1,'/photo/267.jpg' ),
(00050,'267', '', 0, 0.36,'                         ', 0, 3, 0,'/photo/photo/267.jpg' ),
(00051,'268', '', 0, 0.497,'                         ', 0, 3, 1,'/photo/268.jpg' ),
(00053,'268', '', 4, 0.497,'34-36-38-40              ', 15, 3, 1,'/photo/268.jpg' ),
(00054,'268', '', 5, 0.497,'32/2-34-36-38-40         ', 15, 3, 1,'/photo/268.jpg' ),
(00065,'269', '', 5, 0.356,'32/2-34-36-38-40         ', 15, 3, 1,'/photo/269.jpg' ),
(00064,'269', '', 4, 0.353,'34-36-38-40              ', 15, 3, 1,'/photo/269.jpg' ),
(00060,'271', '', 4, 0.538,'34-36-38-40              ', 18, 1, 1,'/photo/271.jpg' ),
(00062,'271обр', '', 5, 0.538,'32/2-34-36-38-40         ', 18, 1, 1,'/photo/271.jpg' ),
(00068,'272', '', 5, 0.397,'32/2-34-36-38-40         ', 11, 1, 1,'/photo/272.jpg' ),
(00067,'272.', '', 4, 0.397,'34-36-38-40              ', 11, 1, 1,'/photo/272.jpg' ),
(00070,'273', '', 4, 0.325,'34-36-38-40              ', 19, 1, 2,'/photo/273.jpg' ),
(00069,'273', '', 5, 0.325,'32/2-34-36-38-40         ', 19, 1, 2,'/photo/273.jpg' ),
(00082,'274', '', 5, 0,'32/2-34-36-38-40         ', 15, 1, 1,'/photo/274.jpg' ),
(00056,'275', '', 5, 0,'32/2-34-36-38-40         ', 15, 3, 1,'/photo/275.jpg' ),
(00055,'275 С Колье', '', 4, 0.413,'34-36-38-40              ', 15, 1, 1,'/photo/275.jpg' ),
(00276,'275 Шифон-Креп+Болеро№7 С Бусами', '', 4, 0,'34-36-38-40              ', 15, 1, 1,'/photo/275.jpg' ),
(00096,'283', '', 4, 0.27,'34-36-38-40              ', 9, 1, 1,'/photo/283.jpg' ),
(00103,'283 образц', '', 5, 0.27,'32/2-34-36-38-40         ', 9, 1, 1,'/photo/283.jpg' ),
(00366,'283 Трикотаж х/б 282-322', '', 4, 0,'282-322                  ', 0, 3, 0,'/photo/283.jpg' ),
(00316,'283 Трикотаж х/б дл. рукав', '', 4, 0,'34-36-38-40              ', 0, 3, 0,'/photo/283.jpg' ),
(00116,'284', '', 4, 0.278,'34-36-38-40              ', 9, 3, 2,'/photo/284.jpg' ),
(00112,'284 обр', '', 5, 0.278,'32/2-34-36-38-40         ', 9, 3, 2,'/photo/284.jpg' ),
(00141,'285', '', 5, 0.65,'32/2-34-36-38-40         ', 9, 3, 2,'/photo/285.jpg' ),
(00206,'285 +Болеро+Сумка', '', 4, 0.65,'34-36-38-40              ', 9, 3, 2,'/photo/285.jpg' ),
(00126,'286', '', 4, 0.28,'34-36-38-40              ', 9, 3, 2,'/photo/286.jpg' ),
(00125,'286 обр', '', 5, 0.28,'32/2-34-36-38-40         ', 9, 1, 2,'/photo/286.jpg' ),
(00183,'287', '', 4, 0.303,'34-36-38-40              ', 9, 3, 2,'/photo/287.jpg' ),
(00108,'287   обр', '', 5, 0.303,'32/2-34-36-38-40         ', 9, 3, 2,'/photo/287.jpg' ),
(00151,'290', '', 5, 0.33,'32/2-34-36-38-40         ', 9, 3, 2,'/photo/290.jpg' ),
(00204,'291', '', 4, 0.33,'34-36-38-40              ', 9, 3, 2,'/photo/291.jpg' ),
(00166,'291 Трикотаж х/б образцовая линейка', '', 5, 0,'32/2-34-36-38-40         ', 0, 3, 0,'/photo/291.jpg' ),
(00128,'292', '', 4, 0,'34-36-38-40              ', 3, 3, 3,'/photo/292.jpg' ),
(00129,'292 обр', '', 4, 0,'34-36-38-40              ', 3, 3, 3,'/photo/292.jpg' ),
(00351,'292 Текстиль съемн.ворот+Фартук 34-40', '', 4, 0,'34-36-38-40              ', 0, 3, 0,'/photo/292.jpg' ),
(00285,'292 Текстиль съемный воротник+ манжеты', '', 4, 0,'34-36-38-40              ', 3, 3, 3,'/photo/292.jpg' ),
(00350,'292 Текстиль съемный воротник+ манжеты 321-44', '', 8, 0,'32/1-32/2-42-44          ', 3, 3, 3,'/photo/292.jpg' ),
(00413,'292 Текстиль съемный воротник+ манжеты 7р-ов', '', 7, 0,'32/1-32/2-34-36-38-40-42 ', 3, 3, 3,'/photo/292.jpg' ),
(99611,'292 Текстиль съемный воротник+манжеты 8 р-ов', '', 8, 0,'32/1-44                  ', 3, 3, 3,'/photo/292.jpg' ),
(00451,'292Текстиль съем.воротник+2 комплект манжет 7р-ов', '', 7, 0,'                         ', 3, 1, 3,'/photo/292.jpg' ),
(00181,'293', '', 4, 0.33,'34-36-38-40              ', 9, 3, 2,'/photo/293.jpg' ),
(00136,'293 обр', '', 4, 0.33,'34-36-38-40              ', 9, 1, 2,'/photo/293.jpg' ),
(00205,'294', '', 4, 0.26,'32/2-34-36-38            ', 9, 1, 2,'/photo/294.jpg' ),
(00135,'294 обр', '', 5, 0.26,'32/2-34-36-38-40         ', 9, 1, 2,'/photo/294.jpg' ),
(00123,'295', '', 4, 0.3,'34-36-38-40              ', 9, 3, 2,'/photo/295.jpg' ),
(00122,'295 обр', '', 4, 0.3,'34-36-38-40              ', 9, 1, 2,'/photo/295.jpg' ),
(00114,'296', '', 4, 0.11,'28-30-32-34              ', 20, 3, 2,'/photo/296.jpg' ),
(00113,'296', '', 4, 0.11,'28-30-32-34              ', 20, 3, 2,'/photo/296.jpg' ),
(00193,'297', '', 4, 0,'34-36-38-40              ', 9, 3, 2,'/photo/297.jpg' ),
(00134,'297 обр', '', 4, 0,'34-36-38-40              ', 9, 3, 2,'/photo/297.jpg' ),
(00214,'298', '', 4, 0.335,'34-36-38-40              ', 8, 3, 1,'/photo/298.jpg' ),
(00264,'298 Короткий Рукав', '', 4, 0,'34-36-38-40              ', 8, 1, 1,'/photo/298.jpg' ),
(00187,'298 Трикотаж Итальянский+Шифон образцовая линейка', '', 0, 0,'                         ', 0, 3, 0,'/photo/298.jpg' ),
(00182,'299', '', 4, 0.268,'34-36-38-40              ', 9, 3, 2,'/photo/299.jpg' ),
(00149,'299 обр', '', 4, 0,'34-36-38-40              ', 9, 1, 2,'/photo/299.jpg' ),
(00468,'300 Трикотаж х/б 5ти размерная', '', 5, 0,'322-40                   ', 9, 3, 2,'/photo/300.jpg' ),
(00207,'300 Трикотаж хб 4х размерная', '', 4, 0.26,'34-36-38-40              ', 9, 3, 2,'/photo/300.jpg' ),
(00188,'301', '', 4, 0.308,'34-36-38-40              ', 8, 3, 1,'/photo/301.jpg' ),
(00191,'302', '', 4, 0,'34-36-38-40              ', 2, 3, 2,'/photo/302.jpg' ),
(00190,'302', '', 4, 0.27,'34-36-38-40              ', 9, 3, 2,'/photo/302.jpg' ),
(00189,'302 Трикотаж х/б образцовая линейка', '', 5, 0,'32/2-34-36-38-40         ', 0, 3, 0,'/photo/302.jpg' ),
(00201,'303', '', 4, 0,'34-36-38-40              ', 9, 1, 1,'/photo/303.jpg' ),
(00185,'303 Трикотаж х/б образцовая линейка', '', 5, 0,'32/2-34-36-38-40         ', 0, 3, 0,'/photo/303.jpg' ),
(00184,'304 Трикотаж х/б', '', 4, 0.24,'34-36-38-40              ', 9, 3, 2,'/photo/304.jpg' ),
(00180,'304 Трикотаж х/б образцовая линейка', '', 5, 0,'32/2-34-36-38-40         ', 0, 3, 0,'/photo/304.jpg' ),
(00198,'304 Трикотаж х/б Проработка Лекал 36размер', '', 1, 0,'36                       ', 0, 3, 0,'/photo/304.jpg' ),
(00199,'304 Трикотаж х/б Проработка Лекал 40размер', '', 1, 0,'40                       ', 0, 3, 0,'/photo/304.jpg' ),
(00210,'305', '', 4, 0.297,'34-36-38-40              ', 9, 3, 2,'/photo/305.jpg' ),
(00179,'305 Трикотаж х/б образцовая линейка', '', 0, 0,'32/2-34-36-38-40         ', 0, 3, 0,'/photo/305.jpg' ),
(00200,'307', '', 4, 0,'34-36-38-40              ', 9, 1, 2,'/photo/307.jpg' ),
(00197,'307 Трикотаж х/б образцовая линейка', '', 5, 0,'32/2-34-36-38-40         ', 0, 3, 0,'/photo/307.jpg' ),
(00212,'308', '', 4, 0.458,'34-36-38-40              ', 9, 3, 2,'/photo/308.jpg' ),
(00209,'308 Трикотаж х/б предварительная линейка', '', 5, 0.28,'32/2-34-36-38-40         ', 0, 3, 0,'/photo/308.jpg' ),
(00192,'309', '', 4, 0.236,'34-36-38-40              ', 9, 3, 2,'/photo/309.jpg' ),
(00186,'309 Трикотаж х/б образцовая линейка', '', 5, 0,'32/2-34-36-38-40         ', 0, 3, 0,'/photo/309.jpg' ),
(00220,'313', '', 4, 0.19,'34-36-38-40              ', 9, 3, 2,'/photo/313.jpg' ),
(00208,'313 Трикотаж х/б предварительная линейка', '', 5, 0,'32/2-34-36-38-40         ', 0, 3, 0,'/photo/313.jpg' ),
(00239,'326', '', 4, 0,'34-36-38-40              ', 9, 1, 2,'/photo/326.jpg' ),
(00247,'330', '', 4, 0,'34-36-38-40              ', 9, 3, 2,'/photo/330.jpg' ),
(00244,'331', '', 4, 0.316,'34-36-38-40              ', 9, 3, 2,'/photo/331.jpg' ),
(00250,'339', '', 4, 0,'34-36-38-40              ', 8, 3, 2,'/photo/339.jpg' ),
(00266,'354 Трикотаж х/б', '', 4, 0.238,'34-36-38-40              ', 9, 3, 2,'/photo/354.jpg' ),
(00270,'355 Трикотаж х/б+Шифон Цв.+Перчатки', '', 4, 0.345,'34-36-38-40              ', 9, 3, 1,'/photo/355.jpg' ),
(00268,'356 Трикотаж х/б', '', 4, 0,'34-36-38-40              ', 9, 1, 2,'/photo/356.jpg' ),
(00274,'358 Трикотаж х/б', '', 4, 0.299,'34-36-38-40              ', 9, 1, 2,'/photo/358.jpg' ),
(00330,'358 Трикотаж х/б 36-42', '', 4, 0.299,'36-38-40-42              ', 9, 3, 2,'/photo/358.jpg' ),
(00273,'360 Трикотаж х/б', '', 4, 0,'34-36-38-40              ', 9, 1, 2,'/photo/360.jpg' ),
(00309,'384 трикотаж х/б', '', 4, 0.173,'34-36-38-40              ', 9, 3, 2,'/photo/384.jpg' ),
(00308,'385 трикотаж х/б', '', 4, 0.195,'34-36-38-40              ', 9, 3, 2,'/photo/385.jpg' ),
(00312,'386 джинса', '', 4, 0.262,'28/2-30/1-30/2-32/1-32/2 ', 16, 3, 2,'/photo/386.jpg' ),
(00320,'387 трикотаж х/б', '', 5, 0.312,'28/2-30/1-30/2-32/1-32/2 ', 9, 3, 2,'/photo/387.jpg' ),
(00463,'387 трикотаж х/б+крепдешин', '', 4, 0,'30/1-30/2-32/1-32/2      ', 9, 3, 2,'/photo/387.jpg' ),
(00314,'388 трикотаж х.б.', '', 4, 0.308,'30/1-30/2-32/1-32/2      ', 9, 3, 2,'/photo/388.jpg' ),
(00311,'389 трикотаж х/б', '', 4, 0.14,'30/1-30/2-32/1-32/2      ', 9, 1, 2,'/photo/389.jpg' ),
(00313,'390 джинса', '', 4, 0.214,'28/2-30/1-30/2-32/1-32/2 ', 16, 3, 2,'/photo/390.jpg' ),
(00318,'391 Трикотаж х/б', '', 4, 0.255,'34-36-38-40              ', 2, 1, 2,'/photo/391.jpg' ),
(00331,'391 Трикотаж х/б 36-42', '', 4, 0,'36-38-40-42              ', 9, 3, 2,'/photo/391.jpg' ),
(00319,'392 трикотаж х/б', '', 4, 0.24,'34-36-38-40              ', 9, 1, 2,'/photo/392.jpg' ),
(00342,'407 текстиль', '', 4, 0,'32/1-32/2-34-36          ', 0, 3, 0,'/photo/407.jpg' ),
(00430,'407 Текстиль 6 р-ов длинный рукав', '', 6, 0,'32/1-32/2-34-36-38-40    ', 3, 1, 3,'/photo/407.jpg' ),
(00429,'407 Текстиль 6 р-ов короткий рукав', '', 6, 0,'32/1-32/2-34-36-38-40    ', 3, 1, 3,'/photo/407.jpg' ),
(00419,'407 Текстиль 7 р-ов длинный рукав', '', 7, 0,'321-42                   ', 3, 3, 3,'/photo/407.jpg' ),
(00414,'407 Текстиль 7 р-ов короткий рукав', '', 7, 0,'32/1-32/2-34-36-38-40-42 ', 3, 3, 3,'/photo/407.jpg' ),
(00358,'407 Текстиль 9 р-ов длинный рукав', '', 9, 0,'32/1-46                  ', 3, 1, 3,'/photo/407.jpg' ),
(00357,'407 Текстиль 9 р-ов короткий рукав', '', 9, 0,'32/1-46                  ', 3, 1, 3,'/photo/407.jpg' ),
(00349,'407 текстиль дл.рукав 321-322-42-44-46', '', 5, 0,'32/1-32/2-42-44-46       ', 3, 1, 3,'/photo/407.jpg' ),
(00356,'407 текстиль кор. рукав', '', 0, 0,'                         ', 3, 3, 0,'/photo/407.jpg' ),
(00380,'419 Карлота', '', 4, 0,'282-301-302-321          ', 27, 1, 1,'/photo/419.jpg' ),
(00365,'419 ХБ Стрейч', '', 4, 0,'28/2-30/1-30/2-32/1      ', 26, 3, 2,'/photo/419.jpg' ),
(00385,'420 ХБ Стрейч+ юбка Т.Синий', '', 4, 0,'28/2-30/1-30/2-32/1      ', 26, 3, 2,'/photo/420.jpg' ),
(00368,'420 ХБ Стрейч+юбка Электрик', '', 4, 0,'28/2-30/1-30/2-32/1      ', 26, 3, 2,'/photo/420.jpg' ),
(00371,'421 Трикотаж Итальянский', '', 4, 0,'36-38-40-42              ', 8, 3, 1,'/photo/421.jpg' ),
(00379,'425 Жакард', '', 4, 0,'36-38-40-42              ', 25, 1, 1,'/photo/425.jpg' ),
(00406,'425 Жакард Арбуз№1', '', 4, 0,'36-38-40-42              ', 25, 3, 1,'/photo/425.jpg' ),
(00407,'425 Жакард Желтый', '', 4, 0,'36-38-40-42              ', 25, 1, 1,'/photo/425.jpg' ),
(00409,'425 Жакард Лимон', '', 4, 0,'36-38-40-42              ', 25, 3, 1,'/photo/425.jpg' ),
(00405,'425 Жакард Молоко', '', 4, 0,'36-38-40-42              ', 25, 1, 1,'/photo/425.jpg' ),
(00408,'425 Жакард/Цветок Нежно Розовый', '', 4, 0,'36-38-40-42              ', 25, 1, 1,'/photo/425.jpg' ),
(00432,'435 Текстиль', '', 4, 0,'34-36-38-40              ', 3, 1, 3,'/photo/photo/435.jpg' ),
(00437,'440 Атлас хб Цветной', '', 5, 0,'28/1-32/1                ', 30, 1, 2,'/photo/440.jpg' ),
(00449,'447 Трикотаж хб+ 1 комплект манжетов', '', 4, 0,'34-36-38-40              ', 9, 3, 3,'/photo/447.jpg' ),
(00450,'447 Трикотаж хб+ 2 комплекта манжетов', '', 4, 0,'34-36-38-40              ', 9, 1, 3,'/photo/447.jpg' ),
(00459,'448 Барби', '', 4, 0,'34-36-38-40              ', 31, 3, 2,'/photo/448.jpg' ),
(00464,'456 Шифон Креп+Жакард+Фатин', '', 4, 0,'36-38-40-42              ', 0, 3, 0,'/photo/photo/456.jpg' ),
(00465,'456А Шифон Креп+Жакард', '', 4, 0,'36-38-40-42              ', 0, 3, 0,'/photo/photo/456 а.jpg' ),
(00472,'462 Жакард 30/1-32/2', '', 4, 0,'30/1-30/2-32/1-32/2      ', 25, 3, 2,'/photo/462.jpg' ),
(99618,'464 Трикотаж х/б 30/1-32/2', '', 4, 0,'30/1,30/2,32/1,32/2      ', 9, 3, 2,'/photo/photo/464.jpg' ),
(99619,'469 Барби 32/1-36', '', 4, 0,'32/1,32/2,34,36          ', 31, 3, 2,'/photo/photo/469.jpg' ),
(99620,'471 Трикотаж х/б', '', 4, 0,'34,36,38,40              ', 9, 3, 2,'/photo/photo/471.jpg' ),
(99621,'475 Платье Барби', '', 4, 0,'30/2,32/1,32/2,34        ', 31, 3, 1,'/photo/photo/475.jpg' ),
(99702,'476  (17г)  Дл.рукав+гипюр в+ман+д.ремень 30/2-38', '', 6, 0,'30/2-38                  ', 31, 3, 3,'' ),
(99704,'476  (17г) (из дл.рук-3/4) 30/2-38', '', 6, 0,'30/2-38                  ', 31, 3, 3,'' ),
(99668,'476  (17г) А Барби+2комп ворот+манжеты 32/1-38', '', 5, 0,'32/1-38                  ', 31, 3, 3,'/photo/476.jpg' ),
(99673,'476  (17г) Барби+габардин ворот+манжеты 30/2-38', '', 6, 0,'30/2-38                  ', 31, 3, 3,'/photo/476.jpg' ),
(99671,'476  (17г) Барби+габардин ворот+манжеты 30/2-40', '', 7, 0,'30/2-40                  ', 31, 3, 3,'/photo/476.jpg' ),
(99667,'476  (17г) Барби+габардин ворот+манжеты 32/1-38', '', 5, 0,'32/1-38                  ', 31, 3, 3,'/photo/476.jpg' ),
(99683,'476  (17г) Барби+габардин ворот+манжеты+р 30/2-40', '', 7, 0,'30/2-40                  ', 31, 3, 3,'' ),
(99674,'476  (17г) Барби+гипюр ворот+манжеты 30/2-38', '', 6, 0,'30/2-38                  ', 31, 3, 3,'/photo/476.jpg' ),
(99692,'476  (17г) Барби+гипюр ворот+манжеты+д.р 30/2-36', '', 5, 0,'30/2-36                  ', 31, 3, 3,'' ),
(99604,'476  (17г) Платье Барби (30/2-34)', '', 4, 0,'30/2-32/1-32/2-34        ', 31, 3, 3,'/photo/photo/476.jpg' ),
(99607,'476  (17г) Платье Барби (30/2-36)', '', 5, 0,'30/2,32/1,32/2,34,36     ', 31, 3, 3,'/photo/photo/476.jpg' ),
(99610,'476  (17г) Платье Барби (32/1-36)', '', 4, 0,'32/1,32/2,34,36          ', 31, 3, 3,'/photo/photo/476.jpg' ),
(99613,'479  (17г) Платье Барби (30/2-36)', '', 5, 0,'30/2, 32/1,32/2,34,36    ', 31, 3, 3,'/photo/photo/479.jpg' ),
(99694,'512  (17г) (1,38) Барби+г+в+м+д.р40,42,42,44,44,46', '', 6, 0,'40,42,42,44,44,46        ', 31, 3, 3,'/photo/photo/512.jpg' ),
(99693,'512  (17г) (1,38) Барби+гипюр в+м+д.р 40-46', '', 4, 0,'40-46                    ', 31, 3, 3,'/photo/photo/512.jpg' ),
(99670,'512  (17г) А Барби+2комп ворот+манжеты 40-48', '', 5, 0,'40-48                    ', 31, 3, 3,'/photo/photo/512.jpg' ),
(99691,'512  (17г) Барби+габардин ворот+манжеты 36-44', '', 5, 0,'36-44                    ', 31, 3, 3,'/photo/photo/512.jpg' ),
(99669,'512  (17г) Барби+габардин ворот+манжеты 40-48', '', 5, 0,'40-48                    ', 31, 3, 3,'/photo/photo/512.jpg' ),
(99697,'512  (17г) Барби+гипюр ворот+м+д.ремень 40-44', '', 3, 0,'40,42,44                 ', 31, 3, 3,'/photo/photo/512.jpg' ),
(99658,'512  (17г) Барби+гипюр ворот+манжеты 40-48', '', 5, 0,'40-48                    ', 31, 3, 3,'/photo/photo/512.jpg' ),
(99739,'512  (17г) В Барби+гипюр 44', '', 1, 0,'44                       ', 31, 3, 3,'' ),
(99703,'512  (17г) Дл.рукав+гипюр в+м+д.ремень 40-46', '', 4, 0,'40-46                    ', 31, 3, 3,'' ),
(99705,'512  (17г) Дл.рукав+гипюр++д.ремень 48р', '', 1, 0,'48                       ', 31, 3, 3,'' ),
(99713,'512 (17г) Дл.рукав гипюр в+м без ремня 36-46', '', 6, 0,'36-46                    ', 31, 3, 3,'' ),
(99686,'513  (17г) Барби+2комп ворот+манжеты 40-48', '', 5, 0,'40-48                    ', 31, 3, 3,'/photo/photo/513.jpg' ),
(99685,'513  (17г) Барби+габардин  ворот+манжеты 40-48', '', 5, 0,'40-48                    ', 31, 3, 3,'/photo/photo/513.jpg' ),
(99696,'513  (17г) Барби+гипюр в+м 40,42,42,44,44,46', '', 6, 0,'40,42,42,44,44,46        ', 31, 3, 3,'/photo/photo/513.jpg' ),
(99695,'513  (17г) Барби+гипюр ворот+манжеты 40-46', '', 4, 0,'40-46                    ', 31, 3, 3,'/photo/photo/513.jpg' ),
(99740,'513  (17г) В Барби+кружево 44', '', 1, 0,'44                       ', 31, 3, 3,'' ),
(99659,'513  (17г) Платье школьное Барби+гипюр 40-48', '', 5, 0,'40-48                    ', 31, 3, 3,'/photo/photo/513.jpg' ),
(99672,'514 Барби+болеро 30/2-40', '', 7, 0,'30/2-40                  ', 31, 3, 3,'/photo/photo/514.jpg' ),
(99662,'515 Платье школьное Барби 40-48', '', 5, 0,'40-48                    ', 31, 3, 3,'/photo/515.jpg' ),
(99681,'519  (17г) Барби+габардин ворот+манжеты 32/1-40', '', 6, 0,'32/1-40                  ', 31, 3, 3,'/photo/519.jpg' ),
(99680,'519  (17г) Барби+габардин воротник 32/1-40', '', 6, 0,'32/1-40                  ', 31, 3, 3,'/photo/519.jpg' ),
(99682,'519  (17г)Барби+гипюр ворот+манжеты 32/1-40', '', 6, 0,'32/1-40                  ', 31, 3, 3,'/photo/519.jpg' ),
(99689,'520  (17г) Барби+габардин в+м+ремень 32/1-40', '', 6, 0,'32/1-40                  ', 31, 3, 3,'/photo/photo/520.jpg' ),
(99676,'520  (17г) Барби+габардин ворот+манжеты 32/1-40', '', 6, 0,'32/1-40                  ', 31, 3, 3,'/photo/photo/520.jpg' ),
(99675,'520  (17г) Барби+габардин воротник 32/1-40', '', 6, 0,'32/1-40                  ', 31, 3, 3,'/photo/photo/520.jpg' ),
(99684,'520  (17г) Барби+габардин воротник+ремень 32/1-40', '', 6, 0,'32/1-40                  ', 31, 3, 3,'/photo/photo/520.jpg' ),
(99677,'520  (17г) Барби+гипюр ворот+манжеты 32/1-40', '', 6, 0,'32/1-40                  ', 31, 3, 3,'/photo/photo/520.jpg' ),
(99690,'520  (17г) Барби+гипюр ворот+манжеты+д.р 32/1-40', '', 6, 0,'32/1-40                  ', 31, 3, 3,'/photo/photo/520.jpg' ),
(99678,'521 Барби сарафан 30/2-36', '', 5, 0,'30/2-36                  ', 31, 3, 3,'/photo/photo/521.jpg' ),
(99688,'521 Барби сарафан+кружево+подвеска 30/2-36', '', 5, 0,'30/2-36                  ', 31, 3, 3,'/photo/photo/521.jpg' ),
(99698,'525 Барби+болеро 42-48', '', 4, 0,'42-48                    ', 31, 3, 3,'/photo/photo/525.jpg' ),
(99717,'525 Платье Барби 42-48', '', 4, 0,'42-48                    ', 31, 3, 3,'/photo/525.jpg' ),
(99699,'526 Барби 42-48', '', 4, 0,'42-48                    ', 31, 3, 3,'/photo/526 (1).jpg' ),
(99700,'527 Барби 42-48', '', 4, 0,'42-48                    ', 31, 3, 3,'/photo/527.jpg' ),
(99701,'528 Барби 42-48', '', 4, 0,'42-48                    ', 31, 3, 3,'/photo/528.jpg' ),
(99707,'529 Барби 42-48', '', 4, 0,'42-48                    ', 31, 3, 3,'/photo/529.jpg' ),
(99842,'562 Барби+сетка 32/2-40', '', 5, 0,'32/2-40                  ', 31, 3, 2,'' ),
(99821,'563 Платье х/б 32/2-40', '', 5, 0,'32/2-40                  ', 26, 3, 2,'' ),
(99822,'565 Платье х/б 32/2-40', '', 5, 0,'32/2-40                  ', 26, 3, 2,'' ),
(99857,'587 Туника "Звезда" 32/1-38', '', 5, 0,'32/1-38                  ', 42, 3, 2,'' ),
(99774,'476 2ком Габардин+гипюр в+м+д.р 30/2-38', '', 6, 0,'30/2-38                  ', 31, 3, 3,'' ),
(99775,'476 2ком Габардиновых в+м+д.р 30/2-38', '', 6, 0,'30/2-38                  ', 31, 3, 3,'' ),
(99759,'476 В 2ком Гипюр+габардин в+м+д.р 30/2-38', '', 6, 0,'30/2-38                  ', 31, 3, 3,'' ),
(99758,'476 В 2ком Гипюровых в+м+д.р 30/2-38', '', 6, 0,'30/2-38                  ', 31, 3, 3,'' ),
(99846,'476 В босс гипюр в+м+д.р 32/1', '', 1, 0,'32/1                     ', 51, 3, 3,'' ),
(99757,'476 В Гипюр в+м+д.р 30/2-38', '', 6, 0,'30/2-38                  ', 31, 3, 3,'' ),
(99773,'476 Габардин в+м+д.р 30/2-38', '', 6, 0,'30/2-38                  ', 31, 3, 3,'' ),
(99836,'476 Габардин в+м+д.р 30/2-40', '', 7, 0,'30/2-40                  ', 31, 3, 3,'' ),
(99808,'476 Габардин в+м+д.р 36-42', '', 4, 0,'36-42                    ', 31, 3, 3,'' ),
(99844,'479 2ком габардиновых в+м 30/2-34', '', 4, 0,'30/2-34                  ', 31, 3, 3,'' ),
(99801,'479 Габардин в+м 30/2-38', '', 6, 0,'30/2-38                  ', 31, 3, 3,'' ),
(99777,'512 2ком Габардин+гипюр в+м+д.р 40-46', '', 4, 0,'40-46                    ', 31, 3, 3,'' ),
(99813,'512 2ком Габардин+гипюр в+м+д.р 40-48', '', 5, 0,'40-48                    ', 31, 3, 3,'' ),
(99761,'512 Выпускной 40-52', '', 7, 0,'40-52                    ', 31, 3, 3,'' ),
(99776,'512 Габардин в+м+д.р 40-46', '', 4, 0,'40-46                    ', 31, 3, 3,'' ),
(99811,'512 Габардин в+м+д.р 40-48', '', 5, 0,'40-48                    ', 31, 3, 3,'' ),
(99778,'512 Габардин в+м+д.р 48-52', '', 3, 0,'48-52                    ', 31, 3, 3,'' ),
(99790,'513 2ком Гипюр+габардин в+м 40-46', '', 4, 0,'40-46                    ', 31, 3, 3,'' ),
(99806,'513 Воротник+манжеты Гипюр 40-46', '', 4, 0,'40-46                    ', 43, 3, 3,'' ),
(99809,'513 Габардин в+м 32/1-42', '', 7, 0,'32/1-42                  ', 31, 3, 3,'' ),
(99820,'513 Габардин в+м 32/1-44', '', 8, 0,'32/1-44                  ', 31, 3, 3,'' ),
(99839,'513 Габардин в+м 38-44', '', 4, 0,'38-44                    ', 31, 3, 3,'' ),
(99788,'513 Габардин в+м 40-46', '', 4, 0,'40-46                    ', 31, 3, 3,'' ),
(99789,'513 Гипюр в+м 40-46', '', 4, 0,'40-46                    ', 31, 3, 3,'' ),
(99791,'513 Гипюр в+м 48-52', '', 3, 0,'48-52                    ', 31, 3, 3,'' ),
(99779,'519 А 2ком Габардин+гипюр в+м 30/2-38', '', 6, 0,'30/2-38                  ', 31, 3, 3,'' ),
(99780,'519 А 2ком Габардин+гипюр в+м 40-46', '', 4, 0,'40-46                    ', 31, 3, 3,'' ),
(99781,'519 А Габардин в+м 30/2-38', '', 6, 0,'30/2-38                  ', 31, 3, 3,'' ),
(99782,'519 А Габардин в+м 40-46', '', 4, 0,'40-46                    ', 31, 3, 3,'' ),
(99805,'520 А 2ком Габардин+гипюр в+м+д.р  40-46', '', 4, 0,'40-46                    ', 31, 3, 3,'' ),
(99843,'520 А 2ком Габардин+гипюр в+м+д.р 30/2-36', '', 5, 0,'30/2-36                  ', 31, 3, 3,'' ),
(99772,'520 А 2ком Габардин+гипюр в+м+д.р 30/2-38', '', 6, 0,'30/2-38                  ', 31, 3, 3,'' ),
(99814,'520 А 2ком Гипюр+габардин в+м+д.р 30/2-42', '', 8, 0,'30/2-42                  ', 31, 3, 3,'' ),
(99771,'520 А Габардин в+м+д.р 30/2-38', '', 6, 0,'30/2-38                  ', 31, 3, 3,'' ),
(99793,'520 А Габардин в+м+д.р 30/2-38+32/1+32/2', '', 8, 0,'30/2-38+32/1+32/2        ', 31, 3, 3,'' ),
(99848,'520 А Габардин в+м+д.р 30/2-40', '', 7, 0,'30/2-40                  ', 31, 3, 3,'' ),
(99810,'520 А Габардин в+м+д.р 32/1-40', '', 6, 0,'32/1-40                  ', 31, 3, 3,'' ),
(99804,'520 А Габардин в+м+д.р 40-46', '', 4, 0,'40-46                    ', 31, 3, 3,'' ),
(99807,'520 А Габардин в+м+д.р 48-52', '', 3, 0,'48-52                    ', 31, 3, 3,'' ),
(99786,'520 В 2ком Габардин+гипюр в+м+д.р 30/2-38', '', 6, 0,'30/2-38                  ', 31, 3, 3,'' ),
(99785,'520 В 2ком Габардиновых в+м+д.р 30/2-38', '', 6, 0,'30/2-38                  ', 31, 3, 3,'' ),
(99784,'520 В Габардин в+м+д.р 30/2-38', '', 6, 0,'30/2-38                  ', 31, 3, 3,'' ),
(99840,'520 Габардин воротник+д.р 30/2-40', '', 7, 0,'30/2-40                  ', 31, 3, 3,'' ),
(99787,'520-531 Габардин в+м+д.р 32/1-40', '', 6, 0,'32/1-40                  ', 31, 3, 3,'' ),
(99792,'525 А Платье Габардин в+м 40-48', '', 5, 0,'40-48                    ', 31, 3, 3,'' ),
(99802,'529 А Габардин в+м 40-48', '', 5, 0,'40-48                    ', 31, 3, 3,'' ),
(99815,'568 Сарафан Барби 30/2-36', '', 5, 0,'30/2-36                  ', 31, 3, 3,'' ),
(99833,'568 Сарафан Барби+брошь 30/2-36', '', 5, 0,'30/2-36                  ', 31, 3, 3,'' ),
(99816,'568 Сарафан Босс 30/2-36', '', 5, 0,'30/2-36                  ', 31, 3, 3,'' ),
(99817,'569 Сарафан+болеро Барби 30/2-36', '', 5, 0,'30/2-36                  ', 31, 3, 3,'' ),
(99832,'569 Сарафан+болеро Босс 30/2-36', '', 5, 0,'30/2-36                  ', 51, 3, 3,'' ),
(99818,'570 Сарафан Барби 30/2-36', '', 5, 0,'30/2-36                  ', 31, 3, 3,'' ),
(99819,'570 Сарафан Босс 30/2-36', '', 5, 0,'30/2-36                  ', 51, 3, 3,'' ),
(99762,'573 (513) Выпускной 40-48', '', 5, 0,'40-48                    ', 31, 3, 3,'' ),
(99828,'574 Барби+бархат 30/2-36', '', 5, 0,'30/2-36                  ', 31, 3, 3,'' ),
(99835,'574 Босс+бархат 30/2-36', '', 5, 0,'30/2-36                  ', 51, 3, 3,'' ),
(99812,'575 Сарафан Барби 30/2-36', '', 5, 0,'30/2-36                  ', 31, 3, 3,'' ),
(99829,'575 Сарафан Босс 30/2-36', '', 5, 0,'30/2-36                  ', 51, 3, 3,'' ),
(99827,'576 Барби+гипюр+кружево 30/2-40', '', 7, 0,'30/2-40                  ', 31, 3, 3,'' ),
(99824,'577 Барби+замок 30/2-36', '', 5, 0,'30/2-36                  ', 31, 3, 3,'' ),
(99831,'577 Босс+замок 30/2-36', '', 5, 0,'30/2-36                  ', 51, 3, 3,'' ),
(99825,'578 Сарафан+жабо Барби 30/2-36', '', 5, 0,'30/2-36                  ', 31, 3, 3,'' ),
(99830,'578 Сарафан+жабо Босс 30/2-36', '', 5, 0,'30/2-36                  ', 51, 3, 3,'' ),
(99826,'579 Барби+резинка 32/2-40', '', 5, 0,'32/2-40                  ', 31, 3, 3,'' ),
(99837,'580 Барби Габардин 32/2-40', '', 5, 0,'32/2-40                  ', 31, 3, 3,'' ),
(99847,'580 Габардин Босс 32/2-40', '', 5, 0,'32/2-40                  ', 51, 3, 3,'' ),
(99850,'597 Барби+болеро 30/2-36', '', 5, 0,'30/2-36                  ', 31, 3, 3,'' ),
(99851,'598 Барби+болеро 30/2-36', '', 5, 0,'30/2-36                  ', 31, 3, 3,'' ),
(96000,'113', '', 4, 0.322,'30/1-30/2-32/1-32/2      ', 6, 3, 4,'/photo/113.jpg' ),
(98100,'114', '', 4, 0,'30/1-30/2-32/1-32/2      ', 6, 3, 4,'' ),
(98200,'125', '', 4, 0,'                         ', 0, 0, 0,'' ),
(99400,'176', '', 5, 0,'34-36-38-40-42           ', 6, 3, 4,'' ),
(00030,'246', '', 4, 0.645,'34-36-38-40              ', 16, 3, 4,'/photo/246.jpg' ),
(00013,'247', '', 4, 0.44,'34-36-38-40              ', 17, 3, 4,'/photo/247.jpg' ),
(00028,'251', '', 4, 0,'28/2-30/1-30/2-32/1      ', 6, 3, 4,'/photo/251.jpg' ),
(00369,'412 Плащевка', '', 4, 0,'28/2-30/1-30/2-322       ', 6, 3, 4,'/photo/412.jpg' ),
(00382,'412 Плащевка АВРОРА', '', 4, 0,'28/2-30/1-30/2-32/1      ', 6, 1, 4,'/photo/412.jpg' ),
(00378,'413 Плащевка', '', 4, 0,'36-38-40-42              ', 6, 1, 4,'/photo/413.jpg' ),
(00381,'413 Плащевка АВРОРА', '', 4, 0,'36-38-40-42              ', 6, 1, 4,'/photo/413.jpg' ),
(00363,'415 Плащевка', '', 4, 0,'30/1-30/2-32/1-32/2      ', 6, 3, 4,'/photo/415.jpg' ),
(00384,'415 Плащевка АВРОРА', '', 4, 0,'301-30/2-32/1-32/2       ', 6, 3, 4,'/photo/415.jpg' ),
(00372,'417 Плащевка', '', 4, 0,'28/2-30/1-30/2-32/1      ', 6, 1, 4,'/photo/417.jpg' ),
(00383,'417 Плащевка АВРОРА', '', 4, 0,'28/2-30/1-30/2-32/1      ', 6, 1, 4,'/photo/417.jpg' ),
(00370,'418 Плащевка', '', 4, 0,'34-36-38-40              ', 6, 1, 4,'/photo/418.jpg' ),
(00386,'418 Плащевка АВРОРА', '', 4, 0,'34-36-38-40              ', 6, 1, 4,'/photo/418.jpg' ),
(00336,'400 трикотаж х/б', '', 4, 0,'30/1-30/2-32/1-32/2      ', 9, 3, 4,'/photo/400.jpg' ),
(00333,'401 трикотаж х/б', '', 4, 0,'30/1-30/2-32/1-32/2      ', 9, 3, 4,'/photo/401.jpg' ),
(00334,'402 трикотаж х/б', '', 4, 0,'28/2-30/1-30/2-32/1      ', 9, 1, 0,'/photo/402.jpg' ),
(00339,'403 трикотаж х/б', '', 4, 0,'36-38-40-42              ', 9, 3, 4,'/photo/403.jpg' ),
(00343,'404 трикотаж х/б', '', 5, 0,'34-36-38-40-42           ', 9, 1, 2,'/photo/404.jpg' ),
(00360,'405 трикотаж х.б.', '', 4, 0,'36-38-40-42              ', 9, 3, 4,'/photo/405.jpg' ),
(00361,'406 трикотаж х/б', '', 4, 0,'                         ', 9, 1, 2,'/photo/406.jpg' ),
(99647,'501 Гипюр+Шифон+Ремень+Бусы 34-40', '', 4, 0,'34-40                    ', 29, 3, 1,'/photo/photo/501.jpg' ),
(99646,'503 Костюм 30/1-34', '', 5, 0,'30/1-34                  ', 41, 3, 2,'/photo/photo/503.jpg' ),
(99649,'504 Толстовка 30/1-34', '', 5, 0,'30/1-34                  ', 41, 3, 2,'/photo/photo/504.jpg' ),
(99648,'505 Гипюр+съемная юбка+Украшение 34-40', '', 4, 0,'34-40                    ', 29, 3, 1,'/photo/photo/505.jpg' ),
(99744,'542 Трикотаж+кружево', '', 5, 0,'32/1-38                  ', 49, 3, 2,'' ),
(99745,'543 Трикотаж+стразы 32/1-38', '', 5, 0,'32/1-38                  ', 49, 3, 2,'' ),
(99765,'544 Туника  32/1-38', '', 5, 0,'32/1-38                  ', 42, 3, 2,'' ),
(99746,'546 Трикотаж+гипюр 32/1-38', '', 5, 0,'32/1-38                  ', 49, 3, 2,'' ),
(99749,'547 Туника+стрекоза 32/1-38', '', 5, 0,'32/1-38                  ', 42, 3, 2,'' ),
(99823,'564 Туника х/б 32/2-40', '', 5, 0,'32/2-40                  ', 26, 3, 2,'' ),
(00345,'408 текстиль 321-36', '', 4, 0,'32/1-32/2-34-36          ', 3, 1, 3,'/photo/408.jpg' ),
(00355,'408 текстиль 38-46', '', 5, 0,'38-40-42-44-46           ', 3, 1, 3,'/photo/408.jpg' ),
(00352,'409 Фартук Текстиль 321-46', '', 5, 0,'321-46                   ', 3, 1, 3,'/photo/409.jpg' ),
(00346,'409 Фартук Текстиль 34-40', '', 4, 0,'34-40                    ', 3, 1, 3,'/photo/409.jpg' ),
(00446,'445 Фартук Гипюр Жесткий', '', 7, 0,'32/1-32/2-34-36-38-40-42 ', 29, 1, 3,'/photo/445.jpg' ),
(99741,'516 В Фартук 44', '', 1, 0,'44                       ', 43, 3, 3,'' ),
(99763,'516 Выпускной 40-52', '', 7, 0,'40-52                    ', 43, 3, 3,'' ),
(99766,'516 Гипюр жесткий 30/2, 48, 50, 52', '', 4, 0,'30/2, 48, 50, 52         ', 43, 3, 3,'' ),
(99767,'516 Гипюр жесткий 32/1-36', '', 4, 0,'32/1-36                  ', 43, 3, 3,'' ),
(99768,'516 Гипюр жесткий 38-46', '', 5, 0,'38-46                    ', 43, 3, 3,'' ),
(99660,'516 Фартук 40-48', '', 5, 0,'40-48                    ', 43, 3, 3,'/photo/516.jpg' ),
(99797,'516 Фартук Бенгалин 30/2, 40, 42, 44, 46', '', 5, 0,'30/2, 40, 42, 44, 46     ', 12, 3, 3,'' ),
(99798,'516 Фартук Бенгалин 32/1-38', '', 5, 0,'32/1-38                  ', 12, 3, 3,'' ),
(99663,'516 Фартук бенгалин 42-48', '', 4, 0,'42-48                    ', 12, 3, 3,'/photo/516 бенгалин.jpg' ),
(99799,'516 Фартук Бенгалин 48-52', '', 3, 0,'48-52                    ', 12, 3, 3,'' ),
(99794,'516 Фартук Габардин 30/2, 40, 42, 44, 46', '', 5, 0,'30/2, 40, 42, 44, 46     ', 50, 3, 3,'' ),
(99795,'516 Фартук Габардин 32/1-38', '', 5, 0,'32/1-38                  ', 50, 3, 3,'' ),
(99796,'516 Фартук Габардин 48-52', '', 3, 0,'48-52                    ', 50, 3, 3,'' ),
(00073,'152А Юбка Текстиль', '', 4, 0,'34-36-38-40              ', 3, 3, 3,'/photo/152a.jpg' ),
(00085,'277 А Юбка', '', 4, 0,'34-36-38-40              ', 3, 3, 3,'/photo/277.jpg' ),
(00084,'277 А Юбка', '', 5, 0,'32/2-34-36-38-40         ', 3, 3, 3,'/photo/277.jpg' ),
(00111,'280А', '', 5, 0,'32/2-34-36-38-40         ', 3, 3, 3,'/photo/280a.jpg' ),
(00118,'280А', '', 4, 0,'34-36-38-40              ', 3, 3, 3,'/photo/280a.jpg' ),
(00164,'280А Юбка Текстиль докрой', '', 3, 0,'36-38-40                 ', 0, 3, 0,'/photo/280a.jpg' ),
(00097,'282А Юбка', '', 4, 0,'34-36-38-40              ', 3, 3, 3,'/photo/282a.jpg' ),
(00131,'288А Юбка', '', 5, 0,'32/2-34-36-38-40         ', 3, 3, 3,'/photo/288_ubka.jpg' ),
(00168,'289А Юбка Атлас х/б блестящий образцовая линейка', '', 0, 0,'                         ', 0, 3, 0,'/photo/289.jpg' ),
(00315,'367А Юбка тектиль', '', 4, 0,'34-36-38-40              ', 3, 3, 3,'/photo/367_kostum.jpg' ),
(00305,'370А Юбка', '', 4, 0,'34-36-38-40              ', 3, 1, 3,'/photo/photo/370.jpg' ),
(00306,'371А Юбка', '', 4, 0,'34-36-38-40              ', 3, 1, 3,'/photo/photo/371.jpg' ),
(99803,'375 А Юбка Барби 32/1-44', '', 8, 0,'32/1-44                  ', 31, 3, 3,'' ),
(99706,'375 А Юбка Барби 34-40', '', 4, 0,'34-40                    ', 31, 3, 3,'' ),
(00304,'375 А Юбка текстиль', '', 4, 0,'34-36-38-40              ', 3, 1, 3,'/photo/375.jpg' ),
(00471,'461 Искусственная Кожа', '', 6, 0,'32/1-32/2-34-36-38-40    ', 32, 3, 2,'/photo/461 юбка.jpg' ),
(99608,'461 Искуственная кожа образцовая линейка', '', 0, 0,'                         ', 32, 3, 2,'/photo/461 юбка.jpg' ),
(99616,'466 А Юбка Фатин', '', 4, 0,'32/2,34,36,38            ', 36, 3, 1,'' ),
(99783,'477 Юбка 30/2-44 (для Казахстана)', '', 9, 0,'30/2-44                  ', 31, 3, 3,'' ),
(99800,'477 Юбка 30/2-44 (для Семиной)', '', 9, 0,'30/2-44                  ', 31, 3, 3,'' ),
(99612,'477 Юбка Барби (30/2-36)', '', 5, 0,'30/2-32/1-32/2-34-36     ', 31, 3, 3,'/photo/photo/477 юбка.jpg' ),
(99603,'478 Юбка Барби 30/2-36', '', 5, 0,'30/2-32/1-32/2-34-36     ', 31, 3, 3,'/photo/photo/478 юбка.jpg' ),
(99615,'483 Юбка (30/2-36)', '', 5, 0,'30/2,32/1,32/2,34,36     ', 35, 3, 3,'/photo/photo/483 юбка.jpg' ),
(99845,'540 Б Юбка 30/2-36 (школа)', '', 5, 0,'30/2-36                  ', 31, 3, 3,'' ),
(99760,'540 Б Юбка 30/2-44 (школа)', '', 9, 0,'30/2-44                  ', 31, 3, 3,'' ),
(99769,'572 Юбка Барби 30/2-44', '', 9, 0,'30/2-44                  ', 31, 3, 3,'' ),
(99834,'572 Юбка Босс 30/2-44', '', 9, 0,'30/2-44                  ', 51, 3, 3,'' ),
(96900,'109', '', 4, 0,'                         ', 0, 0, 0,'' ),
(96200,'129', '', 5, 0.352,'28/2-30/1-30/2-32/1-32/2 ', 1, 3, 0,'' ),
(96500,'231', '', 5, 0.447,'32/2-34-36-38-40         ', 2, 3, 2,'' ),
(00422,'379А Жабо кружевное', '', 0, 0,'                         ', 0, 3, 0,'/photo/photo/379.jpg' ),
(00389,'430 Жакард', '', 4, 0,'28/2-30/1-30/2-32/1      ', 25, 3, 1,'/photo/430_dvoika.jpg' ),
(00391,'430+430А Жакард двойка', '', 4, 0,'28/2-30/1-30/2-32/1      ', 25, 1, 1,'/photo/430_dvoika.jpg' ),
(00396,'430+430А Жакард двойка Арбуз', '', 4, 0,'28/2-30/1-30/2-32/1      ', 25, 1, 1,'/photo/430_dvoika.jpg' ),
(00399,'430+430А Жакард двойка Желтый', '', 4, 0,'28/2-30/1-30/2-32/1      ', 25, 1, 0,'/photo/430_dvoika.jpg' ),
(00397,'430+430А Жакард двойка Красный', '', 4, 0,'28/2-30/1-30/2-32/1      ', 25, 1, 0,'/photo/430_dvoika.jpg' ),
(00398,'430+430А Жакард двойка Молоко', '', 4, 0,'28/2-30/1-30/2-32/1      ', 25, 1, 0,'/photo/430_dvoika.jpg' ),
(00390,'430А Жакард', '', 0, 0,'                         ', 25, 1, 1,'/photo/430_dvoika.jpg' ),
(00415,'431+431А Жакард', '', 4, 0,'30/1-30/2-32/1-32/2      ', 25, 3, 1,'/photo/431+431а.jpg' ),
(00458,'438 Супрем Двойка (Туника+Лосины)', '', 5, 0,'34-36-38-40-42           ', 0, 3, 0,'/photo/photo/438.jpg' ),
(00456,'450+450А Жакард двойка', '', 4, 0,'30/1-30/2-32/1-32/2      ', 25, 3, 2,'/photo/450.jpg' ),
(99852,'Подъюбник-кольца 70', '', 1, 0,'30/2                     ', 52, 3, 2,'' );

DROP TABLE IF EXISTS `Colors`;
CREATE TABLE `Colors`(
`cod` mediumint(5) NOT NULL auto_increment,
`name` text character set utf8 collate utf8_unicode_ci,
PRIMARY KEY (`cod`) ) ;  

INSERT INTO `Colors`  (`cod`,`name` ) VALUES
 (00039,''),
 (00182,'0,4-0,5 мм'),
 (00174,'0,6мм'),
 (00179,'Айвори'),
 (00008,'Алый'),
 (00074,'Арбуз'),
 (00223,'Арбуз+молоко'),
 (00095,'арбуз+серый'),
 (00096,'арбуз+черный'),
 (00113,'Арбуз№1'),
 (00112,'Арбуз№2'),
 (00114,'Арбуз№3'),
 (00115,'Арбуз№4'),
 (00069,'Асфальт'),
 (00084,'Баклажан'),
 (00162,'Баклажан'),
 (00075,'Бежевый'),
 (00123,'Бежевый№1'),
 (00124,'Бежевый№2'),
 (00125,'Бежевый№3'),
 (00169,'Бежевый№4'),
 (00051,'Бело-золотистый'),
 (00164,'Бело-черный'),
 (00005,'Белый'),
 (00238,'Белый кошки'),
 (00225,'Белый+Малиновай'),
 (00188,'Белый+синий'),
 (00221,'Белый+Цветы'),
 (00185,'Белый№2'),
 (00184,'Белый№7'),
 (00003,'Бирюза'),
 (00232,'Бирюза+Т.синий'),
 (00144,'Бирюза№1'),
 (00145,'Бирюза№2'),
 (00178,'Бирюза№3'),
 (00199,'Бледно Голубой'),
 (00211,'Бледный Арбуз'),
 (00043,'Болотно-черный'),
 (00036,'Болотный'),
 (00011,'Бордо'),
 (00030,'Бордо Св.'),
 (00032,'Бордо темн.'),
 (00016,'Бр. Коралл'),
 (00018,'Бронза'),
 (00093,'Брусника'),
 (00146,'Брусника№1'),
 (00147,'Брусника№2'),
 (00148,'Брусника№3'),
 (00176,'Василёк'),
 (00243,'Винный'),
 (00054,'Вишня'),
 (00197,'Голубая Бирюза'),
 (00007,'Голубой'),
 (00156,'Голубой№1'),
 (00138,'Голубой№2'),
 (00137,'Голубой№3'),
 (00193,'ГолубойКерамик'),
 (00220,'Горох+Цветы'),
 (00037,'Горчица'),
 (00171,'Горчица/дорогой'),
 (00002,'Желтый'),
 (00230,'Желтый+Т.синий'),
 (00231,'Желтый+Электрик'),
 (00128,'Желтый№1'),
 (00129,'Желтый№2'),
 (00172,'Жемчуг'),
 (00183,'Зеленая бирюза'),
 (00013,'Зеленый'),
 (00126,'Зеленый№1'),
 (00127,'Зеленый№2'),
 (00010,'Золото'),
 (00251,'Золото/Электрик'),
 (00150,'Золото№1'),
 (00151,'Золото№2'),
 (00152,'Золото№3'),
 (00242,'Изумруд'),
 (00161,'Индиго'),
 (00186,'Керамик'),
 (00166,'Кожанный'),
 (00019,'Коралл'),
 (00130,'Коралл№1'),
 (00108,'Коралл№2'),
 (00109,'Коралл№3'),
 (00143,'Коралл№4'),
 (00163,'Коралл№5'),
 (00208,'Коралл№6'),
 (00042,'Коричнево-белый'),
 (00049,'Коричнево-черный'),
 (00027,'Коричневый'),
 (00248,'Коричневый+Пудра'),
 (00187,'КофеМолоко'),
 (00052,'Красно-белый'),
 (00044,'Красно-черный'),
 (00023,'Красный'),
 (00073,'Красный теракот'),
 (00133,'Красный№1'),
 (00106,'Красный№2'),
 (00107,'Красный№3'),
 (00091,'Лиловый'),
 (00140,'Лиловый№1'),
 (00104,'Лиловый№2'),
 (00105,'Лиловый№3'),
 (00205,'Лимон'),
 (00029,'Малиновый'),
 (00246,'Малиновый+Пудра'),
 (00100,'Малиновый№1'),
 (00101,'Малиновый№2'),
 (00155,'Малиновый№3'),
 (00241,'Марсала'),
 (00097,'Медный'),
 (00233,'Ментол'),
 (00239,'Ментол газета'),
 (00006,'Молочный'),
 (00227,'Молочный+Арбуз'),
 (00235,'Молочный+Розовый'),
 (00226,'Молочный+Электрик'),
 (00153,'Молочный№1'),
 (00154,'Молочный№2'),
 (00065,'Морковный'),
 (00198,'Морская Бирюза'),
 (00200,'Небесный'),
 (00204,'Нежно-Розовый'),
 (00206,'НеонАрбуз'),
 (00192,'НеонЛимон'),
 (00190,'НеонМалина'),
 (00194,'НеонМалина'),
 (00191,'НеонПерсик'),
 (00229,'Неонрозовый+Т.синий'),
 (00209,'НеонЭлектрик'),
 (00055,'Оранжевый'),
 (00089,'Персик'),
 (00041,'Прозрачно-серебрянные'),
 (00038,'Прозрачный'),
 (00234,'Пудра'),
 (00218,'Разноцвет'),
 (00219,'Разноцвет№1'),
 (00094,'резинка-шнурок'),
 (00214,'резинка-шнурок\черная'),
 (00149,'резинка-шнурок№1'),
 (00009,'Розовый'),
 (00103,'Розовый №1'),
 (00216,'Розовый №1'),
 (00098,'Розовый №2'),
 (00102,'Розовый №3'),
 (00217,'Розовый №3'),
 (00134,'Розовый №4'),
 (00222,'Розовый арбуз'),
 (00240,'Розовый газета'),
 (00210,'Розовый лепесток'),
 (00236,'Розовый+Молочный'),
 (00213,'РозовыйНеон'),
 (00060,'Салатовый'),
 (00195,'Светлая Бирюза'),
 (00066,'Светло-бежевый'),
 (00207,'Светло-Голубой'),
 (00035,'Светло-зеленый'),
 (00068,'Светло-коричневый'),
 (00059,'Светло-розовый'),
 (00062,'Светло-серый'),
 (00020,'Светло-сирень'),
 (00175,'Светло-фиолетовый'),
 (00167,'Светлый коралл'),
 (00168,'Светлый коралл'),
 (00015,'Серебро'),
 (00021,'Серебро Тём.'),
 (00253,'Серебро/Малина'),
 (00252,'Серебро/Малина/Голубой'),
 (00053,'Серо-белая'),
 (00079,'Серо-голубая'),
 (00076,'Серо-коричневый'),
 (00087,'Серо-синий'),
 (00077,'Серо-черный'),
 (00033,'Серый'),
 (00116,'Серый№1'),
 (00117,'Серый№2'),
 (00118,'Серый№3'),
 (00141,'Серый№4'),
 (00142,'Серый№5'),
 (00158,'Серый№6'),
 (00160,'Серый№7'),
 (00064,'Синий'),
 (00135,'Синий№1'),
 (00110,'Синий№2'),
 (00111,'Синий№3'),
 (00136,'Синий№4'),
 (00159,'Синий№5'),
 (00017,'Сирень'),
 (00139,'Сирень№1'),
 (00119,'Сирень№2'),
 (00120,'Сирень№3'),
 (00121,'Сирень№4'),
 (00122,'Сирень№5'),
 (00070,'Стальной'),
 (00249,'Т.синий+Бирюза'),
 (00237,'Т.синий+Бордо'),
 (00245,'Т.синий+Малиновый'),
 (00244,'Т.синий+Розовый'),
 (00072,'Тем.Фиолетовый'),
 (00014,'Темн. Голубой'),
 (00202,'ТемнаяМалина'),
 (00067,'Темно-бежевый'),
 (00057,'Темно-желтый'),
 (00056,'Темно-коричневый'),
 (00058,'Темно-серый'),
 (00078,'Темно-синий'),
 (00061,'Темно-сиреневый'),
 (00196,'Темня Бирюза'),
 (00031,'Теракот'),
 (00024,'Тёмн. Синий'),
 (00177,'Ультра-зеленый'),
 (00180,'Ультра-оранжевый'),
 (00181,'Ультра-розовый'),
 (00046,'Фиолетово-черная'),
 (00028,'Фиолетовый'),
 (00131,'Фиолетовый№1'),
 (00132,'Фиолетовый№2'),
 (00165,'Фиолетовый№3'),
 (00050,'Фисташка'),
 (00092,'фуксия'),
 (00173,'Цветные'),
 (00080,'Черненный'),
 (00099,'Чернильный'),
 (00063,'Черно-бежевый'),
 (00047,'Черно-бело-коричневый'),
 (00034,'Черно-белый'),
 (00081,'Черно-голубой'),
 (00048,'Черно-желтый'),
 (00026,'Черно-коричневый'),
 (00083,'Черно-красный'),
 (00085,'Черно-розовый'),
 (00088,'Черно-серо-синий'),
 (00082,'Черно-серый'),
 (00086,'Черно-сине-коричневый'),
 (00045,'Черно-фиолететовый'),
 (00040,'Черное золото'),
 (00001,'Черный'),
 (00170,'Черный лак'),
 (00250,'Шампань'),
 (00022,'Шоколадный'),
 (00004,'Электрик'),
 (00189,'Электрик-Черный'),
 (00212,'Электрик(не компаньон)'),
 (00224,'Электрик+молоко'),
 (00228,'Электрик+Неонрозовый'),
 (00247,'Электрик+Пудра'),
 (00157,'Электрик№1'),
 (00012,'Яр.Бордо'),
 (00215,'Яркий Арбуз'),
 (00201,'Ярко-Голубой'),
 (00203,'Ярко-Розовый');

DROP TABLE IF EXISTS `TypPrice`;
CREATE TABLE `TypPrice`(
`cod` mediumint(5) NOT NULL auto_increment,
`name` text character set utf8 collate utf8_unicode_ci,
PRIMARY KEY (`cod`) );  

INSERT INTO `TypPrice`  (`cod`,`name`  ) VALUES
 (00002,'Мелкооптовые'),
 (00004,'Оптовые'),
 (00003,'Розничные');

DROP TABLE IF EXISTS `Price`;
CREATE TABLE `Price`(
`cod` mediumint(5)  NOT NULL auto_increment,
`name` text character set utf8 collate utf8_unicode_ci,
`model` mediumint(8)  default NULL,
`typeprice` mediumint(5) default NULL,
`price` float  default NULL,
PRIMARY KEY (`cod`) );  

INSERT INTO `Price`  (`cod`,`name`,`model`,`typeprice`,`price`  )VALUES 
(1,'', 00014,00002,7.8),
(2,'', 00073,00002,7.2),
(3,'', 00081,00002,9.2),
(4,'', 00016,00002,11.3),
(5,'', 00041,00002,6),
(6,'', 00034,00002,6),
(7,'', 00023,00002,1.72),
(8,'', 00045,00002,14.3),
(9,'', 00088,00002,7.1),
(10,'', 00075,00002,9.3),
(11,'', 00139,00002,1.72),
(12,'', 00025,00002,14.5),
(13,'', 00036,00002,22.8),
(14,'', 00021,00002,1.72),
(15,'', 00013,00002,15.9),
(16,'', 00011,00002,11.4),
(17,'', 00010,00002,1.72),
(18,'', 00059,00002,19.9),
(19,'', 00058,00002,19.9),
(20,'', 00065,00002,20.7),
(21,'', 00064,00002,20.7),
(22,'', 00100,00002,12.5),
(23,'', 00137,00002,11.6),
(24,'', 00093,00002,11.6),
(25,'', 00106,00002,11.6),
(26,'', 00092,00002,11.2),
(27,'', 00121,00002,8.5),
(28,'', 00107,00002,8.5),
(29,'', 00124,00002,8.5),
(30,'', 00143,00002,11.6),
(31,'', 97600,00002,1.72),
(32,'', 96000,00002,12.3),
(33,'', 97000,00002,10.4),
(34,'', 95900,00002,10.4),
(35,'', 97800,00002,16.6),
(36,'', 95800,00002,8.3),
(37,'', 95200,00002,11),
(38,'', 95100,00002,11),
(39,'', 95500,00002,11.4),
(40,'', 95300,00002,9),
(41,'', 95600,00002,9.8),
(42,'', 95700,00002,10.8),
(43,'', 95400,00002,1.72),
(44,'', 00008,00002,20.1),
(45,'', 00006,00002,19.7),
(46,'', 00007,00002,20),
(47,'', 99600,00002,1.72),
(48,'', 96600,00002,17.6),
(49,'', 97400,00002,12.4),
(50,'', 99200,00002,12.8),
(51,'', 98100,00002,12.4),
(52,'', 96800,00002,10.7),
(53,'', 96700,00002,2.7),
(54,'', 97300,00002,14.8),
(55,'', 97500,00002,15.5),
(56,'', 98400,00002,1.72),
(57,'', 97100,00002,2.7),
(58,'', 98300,00002,1.72),
(59,'', 00074,00002,12.4),
(60,'', 97200,00002,5),
(61,'', 99100,00002,11.4),
(62,'', 96300,00002,12.5),
(63,'', 99500,00002,10.3),
(64,'', 99300,00002,13.5),
(65,'', 00063,00002,13.1),
(66,'', 00066,00002,1.72),
(67,'', 00133,00002,14.5),
(68,'', 00118,00002,7.6),
(69,'', 00120,00002,8.1),
(70,'', 00128,00002,9.9),
(71,'', 00072,00002,9.1),
(72,'', 00087,00002,9.2),
(73,'', 00048,00002,18.1),
(74,'', 98200,00002,14.1),
(75,'', 00022,00002,9.8),
(76,'', 97700,00002,17.6),
(77,'', 98000,00002,11.4),
(78,'', 00012,00002,12),
(79,'', 00047,00002,19),
(80,'', 00046,00002,19),
(81,'', 00078,00002,20.5),
(82,'', 00053,00002,24.8),
(83,'', 00054,00002,24.8),
(84,'', 00096,00002,11.7),
(85,'', 00103,00002,9.5),
(86,'', 00116,00002,1.72),
(87,'', 00112,00002,9),
(88,'', 00151,00002,12.5),
(89,'', 00136,00002,1.72),
(90,'', 00135,00002,11.8),
(91,'', 00114,00002,5.2),
(92,'', 00113,00002,5.2),
(93,'', 00150,00002,9.5),
(94,'', 00148,00002,12.2),
(95,'', 00170,00002,11.3),
(96,'', 00057,00002,16.2),
(97,'', 00146,00002,9.5),
(98,'', 00099,00002,13.4),
(99,'', 00145,00002,10.3),
(100,'', 00144,00002,10),
(101,'', 00040,00002,9.3),
(102,'', 00140,00002,9.3),
(103,'', 00142,00002,9.3),
(104,'', 00134,00002,10.7),
(105,'', 00193,00002,10.7),
(106,'', 00126,00002,11.6),
(107,'', 00125,00002,11.6),
(108,'', 00176,00002,1.72),
(109,'', 00127,00002,1.72),
(110,'', 00184,00002,8.5),
(111,'', 00204,00002,11.5),
(112,'', 00181,00002,1.72),
(113,'', 00192,00002,6),
(114,'', 00210,00002,10.7),
(115,'', 00149,00002,8.6),
(116,'', 00182,00002,6),
(117,'', 00108,00002,10),
(118,'', 00183,00002,10),
(119,'', 00019,00002,15),
(120,'', 00175,00002,1.72),
(121,'', 00122,00002,11.4),
(122,'', 00123,00002,11.4),
(123,'', 00196,00002,20.5),
(124,'', 99601,00002,2.7),
(125,'', 00196,00002,20.5),
(126,'', 00191,00002,10.2),
(127,'', 00190,00002,10.9),
(128,'', 00171,00002,12.4),
(129,'', 00203,00002,11.9),
(130,'', 00024,00002,11.9),
(131,'', 00029,00002,11.9),
(132,'', 00205,00002,11.7),
(133,'', 00208,00002,11.3),
(134,'', 00209,00002,13.2),
(135,'', 00207,00002,2.7),
(136,'', 00220,00002,8),
(137,'', 00212,00004,2.7),
(138,'', 00212,00002,2.7),
(139,'', 00206,00002,18),
(140,'', 00141,00002,18),
(141,'', 00200,00002,10.4),
(142,'', 00223,00002,11.5),
(143,'', 00224,00002,10),
(144,'', 00225,00002,11.5),
(145,'', 00201,00002,12),
(146,'', 00067,00002,16.5),
(147,'', 00068,00002,16.5),
(148,'', 00060,00002,16.8),
(149,'', 00219,00002,18.5),
(150,'', 00213,00002,11),
(151,'', 00221,00002,12.6),
(152,'', 00189,00002,10.9),
(153,'', 00180,00002,10.6),
(154,'', 00062,00002,16.8),
(155,'', 00179,00002,10.7),
(156,'', 00197,00002,10.4),
(157,'', 00186,00002,10.4),
(158,'', 00188,00002,11.3),
(159,'', 00202,00002,10.8),
(160,'', 96900,00002,14.3),
(161,'', 96200,00002,17.4),
(162,'', 99400,00002,10),
(163,'', 96100,00002,10.3),
(164,'', 96500,00002,10.3),
(165,'', 96400,00002,10.3),
(166,'', 00031,00002,12.5),
(167,'', 00030,00002,15.5),
(168,'', 00027,00002,10),
(169,'', 00026,00002,13.5),
(170,'', 00033,00002,1.72),
(171,'', 00032,00002,8),
(172,'', 00070,00002,13.5),
(173,'', 00069,00002,13.5),
(174,'', 00082,00002,20.5),
(175,'', 00169,00002,14.5),
(176,'', 00055,00002,16.3),
(177,'', 00056,00002,18.8),
(178,'', 00228,00002,11),
(179,'', 00232,00002,1.72),
(180,'', 00230,00002,13.5),
(181,'', 00229,00002,13),
(182,'', 00222,00002,13),
(183,'', 00214,00002,16.5),
(184,'', 00168,00002,7),
(185,'', 00167,00002,7.5),
(186,'', 00231,00002,16.7),
(187,'', 00218,00002,15.5),
(188,'', 00243,00002,12),
(189,'', 00241,00002,21),
(190,'', 00234,00002,15),
(191,'', 00245,00002,12),
(192,'', 00240,00002,19.5),
(193,'', 00042,00002,13),
(194,'', 00246,00002,20.5),
(195,'', 00242,00002,20),
(196,'', 00248,00002,19.9),
(197,'', 00043,00002,13),
(198,'', 00247,00002,10.6),
(199,'', 00244,00002,1.72),
(200,'', 00249,00002,19.8),
(201,'', 00237,00002,17.6),
(202,'', 00239,00002,1.72),
(203,'', 00261,00002,11),
(204,'', 00264,00002,16.1),
(205,'', 00259,00002,15),
(206,'', 00257,00002,15),
(207,'', 00260,00002,16),
(208,'', 00267,00002,16),
(209,'', 00255,00002,12.3),
(210,'', 00256,00002,15),
(211,'', 00258,00002,20.5),
(212,'', 00265,00002,12.5),
(213,'', 00275,00002,17.6),
(214,'', 00276,00002,19.1),
(215,'', 00071,00002,7.6),
(216,'', 00076,00002,8.5),
(217,'', 00095,00002,2.7),
(218,'', 00285,00002,10.5),
(219,'', 00288,00002,9),
(220,'', 00284,00002,12.4),
(221,'', 00280,00002,14.9),
(222,'', 00293,00002,14.9),
(223,'', 00291,00002,24.8),
(224,'', 00289,00002,10.5),
(225,'', 00290,00002,23),
(226,'', 00294,00002,18.5),
(227,'', 00278,00002,5.6),
(228,'', 00282,00002,12.7),
(229,'', 00292,00002,24.7),
(230,'', 00283,00002,14.7),
(231,'', 00302,00002,16.3),
(232,'', 00263,00002,1.72),
(233,'', 00298,00002,6),
(234,'', 00301,00002,7.7),
(235,'', 00315,00002,7.5),
(236,'', 00300,00002,2.7),
(237,'', 00307,00002,5.5),
(238,'', 00295,00002,8),
(239,'', 00297,00002,1.72),
(240,'', 00304,00002,5),
(241,'', 00085,00002,7.5),
(242,'', 00084,00002,7.5),
(243,'', 00317,00002,1.72),
(244,'', 00303,00002,1.72),
(245,'', 00312,00002,1.72),
(246,'', 00313,00002,7.5),
(247,'', 00311,00002,7.6),
(248,'', 00314,00002,1.72),
(249,'', 00328,00002,1.72),
(250,'', 00326,00002,2.7),
(251,'', 00320,00002,12.6),
(252,'', 00330,00002,6),
(253,'', 00238,00002,8.5),
(254,'', 00309,00002,5.5),
(255,'', 00270,00002,1.72),
(256,'', 00335,00002,7.5),
(257,'', 00308,00002,2.7),
(258,'', 00277,00002,16),
(259,'', 00253,00002,15.5),
(260,'', 00279,00002,20),
(261,'', 00340,00002,20.5),
(262,'', 00341,00002,21.7),
(263,'', 00337,00002,14.8),
(264,'', 00252,00002,16.4),
(265,'', 00266,00002,9.5),
(266,'', 00286,00002,15.8),
(267,'', 00331,00002,9.5),
(268,'', 00354,00002,14),
(269,'', 00348,00002,14.9),
(270,'', 00353,00002,10.5),
(271,'', 00358,00002,8),
(272,'', 00357,00002,11),
(273,'', 00350,00002,11.5),
(274,'', 00347,00002,10.5),
(275,'', 00359,00002,17.1),
(276,'', 00255,00004,11.7),
(277,'', 00245,00004,12),
(278,'', 00188,00004,10.6),
(279,'', 00243,00004,12),
(280,'', 00328,00004,1.72),
(281,'', 00228,00004,10.8),
(282,'', 00362,00002,18),
(283,'', 00362,00004,18),
(284,'', 98400,00004,1.72),
(285,'', 97100,00004,2.7),
(286,'', 97600,00004,1.72),
(287,'', 98300,00004,1.72),
(288,'', 97200,00004,5),
(289,'', 00034,00004,6),
(290,'', 00041,00004,6),
(291,'', 00144,00004,9.5),
(292,'', 00139,00004,1.72),
(293,'', 95400,00004,1.72),
(294,'', 00038,00004,8),
(295,'', 00038,00002,8),
(296,'', 00033,00004,1.72),
(297,'', 00010,00004,1.72),
(298,'', 00165,00002,9.5),
(299,'', 00165,00004,9.5),
(300,'', 00116,00004,1.72),
(301,'', 00181,00004,1.72),
(302,'', 00182,00004,6),
(303,'', 00207,00004,2.7),
(304,'', 00235,00002,12.5),
(305,'', 00235,00004,12),
(306,'', 00192,00004,6),
(307,'', 00220,00004,8),
(308,'', 00229,00004,13),
(309,'', 00244,00004,1.72),
(310,'', 00250,00002,12.5),
(311,'', 00250,00004,12),
(312,'', 00257,00004,14.5),
(313,'', 00269,00002,16),
(314,'', 00265,00004,12),
(315,'', 00270,00004,1.72),
(316,'', 00330,00004,6),
(317,'', 00303,00004,1.72),
(318,'', 00297,00004,1.72),
(319,'', 00309,00004,5.5),
(320,'', 00308,00004,2.7),
(321,'', 00312,00004,1.72),
(322,'', 00314,00004,1.72),
(323,'', 00313,00004,7),
(324,'', 00319,00002,10),
(325,'', 00326,00004,2.7),
(326,'', 00367,00002,7.6),
(327,'', 00367,00004,7.6),
(328,'', 00232,00004,1.72),
(329,'', 00317,00004,1.72),
(330,'', 00176,00004,1.72),
(331,'', 00233,00002,10),
(332,'', 00233,00004,10),
(333,'', 00368,00002,7.8),
(334,'', 00368,00004,7.8),
(335,'', 00096,00004,8.5),
(336,'', 00366,00002,9.5),
(337,'', 00366,00004,9.5),
(338,'', 00385,00002,7.8),
(339,'', 00385,00004,7.8),
(340,'', 00322,00002,10.5),
(341,'', 00322,00004,10.5),
(342,'', 00388,00002,10.5),
(343,'', 00388,00004,10.5),
(344,'', 00387,00002,10.5),
(345,'', 00387,00004,10.5),
(346,'', 00370,00002,15),
(347,'', 00370,00004,14.4),
(348,'', 00386,00002,16.3),
(349,'', 00386,00004,15.8),
(350,'', 00378,00002,16),
(351,'', 00378,00004,15.2),
(352,'', 00381,00002,17.3),
(353,'', 00381,00004,16.6),
(354,'', 00383,00002,14.6),
(355,'', 00383,00004,13.9),
(356,'', 00372,00002,13.7),
(357,'', 00372,00004,13),
(358,'', 00380,00002,6.5),
(359,'', 00380,00004,6.5),
(360,'', 00365,00002,6.5),
(361,'', 00365,00004,6.5),
(362,'', 00369,00002,12),
(363,'', 00369,00004,12),
(364,'', 00382,00002,13),
(365,'', 00382,00004,13),
(366,'', 00363,00002,11),
(367,'', 00363,00004,11),
(368,'', 00384,00002,10),
(369,'', 00384,00004,10),
(370,'', 00148,00004,12.2),
(371,'', 00043,00004,13),
(372,'', 00395,00002,10),
(373,'', 00395,00004,10),
(374,'', 00334,00002,9),
(375,'', 00334,00004,9),
(376,'', 00213,00004,10.6),
(377,'', 00023,00004,1.72),
(378,'', 00311,00004,7.6),
(379,'', 00392,00002,10.5),
(380,'', 00392,00004,9.7),
(381,'', 00336,00002,8),
(382,'', 00336,00004,8),
(383,'', 00333,00002,8),
(384,'', 00333,00004,8),
(385,'', 00263,00004,1.72),
(386,'', 00348,00004,14.3),
(387,'', 00293,00004,14.3),
(388,'', 00280,00004,12.5),
(389,'', 00325,00002,10),
(390,'', 00325,00004,10),
(391,'', 00371,00002,1.72),
(392,'', 00371,00004,1.72),
(393,'', 00327,00002,12.9),
(394,'', 00327,00004,12.4),
(395,'', 00339,00002,8),
(396,'', 00339,00004,8),
(397,'', 00399,00002,19),
(398,'', 00399,00004,18),
(399,'', 00396,00002,19),
(400,'', 00396,00004,17.5),
(401,'', 00397,00002,19),
(402,'', 00397,00004,17.5),
(403,'', 00398,00002,19),
(404,'', 00398,00004,17.5),
(405,'', 00285,00004,10.5),
(406,'', 00350,00004,11),
(407,'', 00354,00004,13.5),
(408,'', 00289,00004,10.5),
(409,'', 00379,00002,13.4),
(410,'', 00379,00004,13),
(411,'', 00406,00002,13),
(412,'', 00406,00004,12.5),
(413,'', 00405,00002,13),
(414,'', 00405,00004,12.5),
(415,'', 00407,00002,13.4),
(416,'', 00407,00004,13),
(417,'', 00409,00002,13.4),
(418,'', 00409,00004,13),
(419,'', 00360,00002,8),
(420,'', 00360,00004,8),
(421,'', 00358,00004,8),
(422,'', 00357,00004,11),
(423,'', 00353,00004,9.8),
(424,'', 00055,00004,15.8),
(425,'', 00389,00002,19),
(426,'', 00389,00004,17.5),
(427,'', 00391,00002,19),
(428,'', 00391,00004,17.5),
(429,'', 00393,00002,13.5),
(430,'', 00393,00004,13.5),
(431,'', 00402,00002,10.5),
(432,'', 00402,00004,10.5),
(433,'', 00401,00002,10.5),
(434,'', 00401,00004,10.5),
(435,'', 00400,00004,10.5),
(436,'', 00400,00002,10.5),
(437,'', 00411,00002,7.6),
(438,'', 00411,00004,7.3),
(439,'', 00408,00002,13.4),
(440,'', 00408,00004,12.8),
(441,'', 00410,00002,18.5),
(442,'', 00410,00004,18.5),
(443,'', 00337,00004,14.5),
(444,'', 00359,00004,16.8),
(445,'', 00100,00004,11.6),
(446,'', 00295,00004,7.4),
(447,'', 00420,00002,12.5),
(448,'', 00420,00004,12),
(449,'', 00282,00004,12.7),
(450,'', 00284,00004,12.4),
(451,'', 00419,00002,11),
(452,'', 00419,00004,11),
(453,'', 00414,00002,10.5),
(454,'', 00414,00004,10.5),
(455,'', 00413,00002,10.5),
(456,'', 00413,00004,10.5),
(457,'', 00307,00004,5.5),
(458,'', 00421,00002,1.72),
(459,'', 00421,00004,1.72),
(460,'', 00423,00004,9.4),
(461,'', 00424,00004,2.7),
(462,'', 00300,00004,2.7),
(463,'', 00132,00002,10.5),
(464,'', 00132,00004,9.8),
(465,'', 00427,00002,12),
(466,'', 00427,00004,11.65),
(467,'', 00428,00002,8.7),
(468,'', 00428,00004,8.3),
(469,'', 00424,00002,2.7),
(470,'', 00095,00004,2.7),
(471,'', 00431,00002,8.6),
(472,'', 00431,00004,8.4),
(473,'', 00426,00002,6),
(474,'', 00426,00004,6),
(475,'', 00430,00002,11.2),
(476,'', 00430,00004,10.7),
(477,'', 00429,00002,10.8),
(478,'', 00429,00004,10.3),
(479,'', 00306,00004,5),
(480,'', 00417,00002,10),
(481,'', 00417,00004,10),
(482,'', 00418,00002,10),
(483,'', 00418,00004,10),
(484,'', 00416,00002,10),
(485,'', 00416,00004,10),
(486,'', 00432,00002,11.5),
(487,'', 00432,00004,11.2),
(488,'', 00434,00002,16.2),
(489,'', 00434,00004,14),
(490,'', 00443,00002,11),
(491,'', 00443,00004,11),
(492,'', 00435,00002,12),
(493,'', 00435,00004,12),
(494,'', 00446,00004,4),
(495,'', 00446,00002,4),
(496,'', 00433,00002,11.8),
(497,'', 00433,00004,11.8),
(498,'', 00450,00002,13.9),
(499,'', 00450,00004,13.4),
(500,'', 00449,00002,10.9),
(501,'', 00449,00004,10.9),
(502,'', 00345,00002,3.8),
(503,'', 00345,00004,3.8),
(504,'', 00355,00002,3.8),
(505,'', 00355,00004,3.8),
(506,'', 00352,00002,3.8),
(507,'', 00352,00004,3.8),
(508,'', 00346,00002,3.8),
(509,'', 00346,00004,3.8),
(510,'', 00451,00002,12.6),
(511,'', 00451,00004,12.1),
(512,'', 00162,00002,7.3),
(513,'', 00162,00004,7.3),
(514,'', 00071,00004,7.3),
(515,'', 00441,00002,18),
(516,'', 00441,00004,17.7),
(517,'', 00335,00004,7.5),
(518,'', 00445,00004,10.5),
(519,'', 00445,00002,10.5),
(520,'', 00453,00002,10.5),
(521,'', 00453,00004,10.5),
(522,'', 00361,00002,11),
(523,'', 00361,00004,11),
(524,'', 00343,00002,10),
(525,'', 00343,00004,10),
(526,'', 00376,00002,10),
(527,'', 00376,00004,10),
(528,'', 00377,00002,10),
(529,'', 00377,00004,10),
(530,'', 00321,00002,11.4),
(531,'', 00321,00004,11.4),
(532,'', 00318,00002,9.5),
(533,'', 00306,00002,5.2),
(534,'', 00442,00004,14.5),
(535,'', 00442,00002,14.5),
(536,'', 00438,00002,12.7),
(537,'', 00438,00004,12.2),
(538,'', 00374,00002,15.5),
(539,'', 00374,00004,15),
(540,'', 00456,00002,13.3),
(541,'', 00456,00004,13.3),
(542,'', 00459,00002,7),
(543,'', 00459,00004,7),
(544,'', 00447,00002,14.4),
(545,'', 00447,00004,13.9),
(546,'', 00448,00002,15.5),
(547,'', 00448,00004,14.9),
(548,'', 00460,00002,10.9),
(549,'', 00394,00002,11),
(550,'', 00460,00004,10.9),
(551,'', 00394,00004,11),
(552,'', 00457,00002,15),
(553,'', 00457,00004,14.6),
(554,'', 00462,00002,12.7),
(555,'', 00437,00002,9.8),
(556,'', 00452,00002,12.5),
(557,'', 00444,00002,10.9),
(558,'', 00462,00004,12.2),
(559,'', 00463,00002,5),
(560,'', 00463,00004,5),
(561,'', 00468,00004,5),
(562,'', 00178,00004,7.8),
(563,'', 00174,00004,7.8),
(564,'', 00222,00004,13),
(565,'', 99601,00004,2.7),
(566,'', 96700,00004,2.7),
(567,'', 00174,00002,7.8),
(568,'', 00042,00004,13),
(569,'', 00021,00004,1.72),
(570,'', 00066,00004,1.72),
(571,'', 00236,00002,8),
(572,'', 00236,00004,8),
(573,'', 00239,00004,1.72),
(574,'', 00251,00002,10),
(575,'', 00251,00004,10),
(576,'', 00254,00002,2.7),
(577,'', 00254,00004,2.7),
(578,'', 00256,00004,15),
(579,'', 00274,00002,6),
(580,'', 00274,00004,6),
(581,'', 00273,00002,7),
(582,'', 00273,00004,7),
(583,'', 00278,00004,5.6),
(584,'', 00323,00002,7.5),
(585,'', 00323,00004,7.5),
(586,'', 00324,00002,2.7),
(587,'', 00324,00004,2.7),
(588,'', 00364,00002,15),
(589,'', 00364,00004,15),
(590,'', 00415,00002,15),
(591,'', 00415,00004,15),
(592,'', 00472,00004,7),
(593,'', 00472,00002,7),
(594,'', 00477,00002,11),
(595,'', 00477,00004,11),
(596,'', 00476,00002,16.5),
(597,'', 00476,00004,16.5),
(598,'', 00469,00002,13.7),
(599,'', 00469,00004,13.5),
(600,'', 99602,00004,15),
(601,'', 99602,00002,15),
(602,'', 99603,00002,5.7),
(603,'', 99603,00004,5.7),
(604,'', 99604,00002,10.6),
(605,'', 99604,00004,10.6),
(606,'', 99605,00004,16.5),
(607,'', 99605,00002,16.5),
(608,'', 00471,00002,6),
(609,'', 00471,00004,6),
(610,'', 99606,00002,6),
(611,'', 99606,00004,6),
(612,'', 99607,00002,10.6),
(613,'', 99607,00004,10.6),
(614,'', 99608,00002,6),
(615,'', 99608,00004,6),
(616,'', 99609,00002,1.72),
(617,'', 99609,00004,1.72),
(618,'', 99610,00002,10.6),
(619,'', 99610,00004,10.6),
(620,'', 99611,00002,10.5),
(621,'', 99611,00004,10.5),
(622,'', 99612,00002,5),
(623,'', 99612,00004,5),
(624,'', 99613,00004,8),
(625,'', 99613,00002,8),
(626,'', 99614,00002,8.3),
(627,'', 99614,00004,8.3),
(628,'', 99615,00002,5.5),
(629,'', 99615,00004,5.3),
(630,'', 00474,00002,6.5),
(631,'', 00474,00004,6.5),
(632,'', 00467,00002,10.4),
(633,'', 00467,00004,10.4),
(634,'', 00464,00002,1.72),
(635,'', 00464,00004,1.72),
(636,'', 00465,00002,1.72),
(637,'', 00465,00004,1.72),
(638,'', 00466,00004,14.5),
(639,'', 00466,00002,14.5),
(640,'', 00470,00002,15.8),
(641,'', 00470,00004,15.8),
(642,'', 00437,00004,9.8),
(643,'', 99616,00002,1),
(644,'', 99616,00004,1),
(645,'', 99617,00002,14.7),
(646,'', 99617,00004,14.7),
(647,'', 00479,00002,13),
(648,'', 00479,00004,13),
(649,'', 99618,00002,1.72),
(650,'', 99618,00004,1.72),
(651,'', 99619,00002,9.5),
(652,'', 99619,00004,9.5),
(653,'', 99620,00002,9),
(654,'', 99620,00004,9),
(655,'', 99621,00002,9.2),
(656,'', 99621,00004,9.2),
(657,'', 99600,00004,1.72),
(658,'', 00177,00002,7.8),
(659,'', 00177,00004,7.8),
(660,'', 00178,00002,7.8),
(661,'', 00014,00004,7.8),
(662,'', 00127,00004,1.72),
(663,'', 00175,00004,1.72),
(664,'', 00298,00004,6),
(665,'', 00022,00004,9.8),
(666,'', 99622,00004,13.5),
(667,'', 99622,00002,13.7),
(668,'', 99623,00002,14),
(669,'', 99623,00004,13.7),
(670,'', 00475,00002,16.3),
(671,'', 00475,00004,16.3),
(672,'', 99624,00002,8),
(673,'', 99624,00004,8),
(674,'', 99625,00002,14.5),
(675,'', 99625,00004,14.5),
(676,'', 99628,00002,11.5),
(677,'', 99628,00004,11.5),
(678,'', 99626,00002,15),
(679,'', 99626,00004,15),
(680,'', 99627,00002,9.5),
(681,'', 99627,00004,9.5),
(682,'', 99629,00002,11.7),
(683,'', 99629,00004,11.7),
(684,'', 99630,00002,7.5),
(685,'', 99630,00004,7.5),
(686,'', 99631,00002,14.5),
(687,'', 99631,00004,14.5),
(688,'', 99632,00002,13),
(689,'', 99632,00004,13),
(690,'', 99633,00002,18.7),
(691,'', 99633,00004,18.7),
(692,'', 99634,00002,15),
(693,'', 99634,00004,15),
(694,'', 00468,00002,5),
(695,'', 99635,00004,12.7),
(696,'', 99635,00002,13),
(697,'', 99636,00004,10),
(698,'', 99636,00002,10),
(699,'', 99637,00004,10.5),
(700,'', 99637,00002,10.5),
(701,'', 99638,00002,10),
(702,'', 99638,00004,10),
(703,'', 99639,00002,10),
(704,'', 99639,00004,10),
(705,'', 99640,00002,15),
(706,'', 99640,00004,15),
(707,'', 99641,00002,9),
(708,'', 99641,00004,9),
(709,'', 00184,00004,8.5),
(710,'', 99642,00002,5.5),
(711,'', 99642,00004,5.5),
(712,'', 99643,00002,6.5),
(713,'', 99643,00004,6.5),
(714,'', 99644,00002,11.5),
(715,'', 99644,00004,11.5),
(716,'', 99645,00002,10.8),
(717,'', 99645,00004,10.8),
(718,'', 99646,00004,6),
(719,'', 99646,00002,6),
(720,'', 99649,00002,3.8),
(721,'', 99649,00004,3.8),
(722,'', 99651,00002,7.7),
(723,'', 99651,00004,7.7),
(724,'', 99648,00002,12.2),
(725,'', 99648,00004,12.2),
(726,'', 99652,00002,8.5),
(727,'', 99652,00004,8.5),
(728,'', 99650,00002,14.5),
(729,'', 99650,00004,14.5),
(730,'', 99647,00002,12.5),
(731,'', 99647,00004,12.5),
(732,'', 99653,00002,13.7),
(733,'', 99653,00004,13.7),
(734,'', 99654,00002,16.4),
(735,'', 99654,00004,16.4),
(736,'', 99655,00002,18.9),
(737,'', 99655,00004,18.9),
(738,'', 99656,00002,12),
(739,'', 99656,00004,12),
(740,'', 99657,00004,10.6),
(741,'', 99657,00002,10.8),
(742,'', 99658,00004,12.8),
(743,'', 99658,00002,12.8),
(744,'', 99659,00002,10.9),
(745,'', 99659,00004,10.9),
(746,'', 99660,00002,5.7),
(747,'', 99660,00004,5.7),
(748,'', 99661,00002,9.5),
(749,'', 99661,00004,9.5),
(750,'', 99662,00002,13.2),
(751,'', 99662,00004,13.2),
(752,'', 99663,00002,5.9),
(753,'', 99663,00004,5.9),
(754,'', 99664,00002,9),
(755,'', 99664,00004,9),
(756,'', 99665,00002,13.8),
(757,'', 99665,00004,13.8),
(758,'', 99666,00002,8),
(759,'', 99666,00004,8),
(760,'', 99667,00004,10.9),
(761,'', 99667,00002,10.9),
(762,'', 99668,00002,12.6),
(763,'', 99668,00004,12.6),
(764,'', 99669,00002,12.4),
(765,'', 99669,00004,12.4),
(766,'', 99670,00002,14),
(767,'', 99670,00004,14),
(768,'', 99671,00002,10.9),
(769,'', 99671,00004,10.9),
(770,'', 99672,00002,12),
(771,'', 99672,00004,12),
(772,'', 99673,00002,10.9),
(773,'', 99673,00004,10.9),
(774,'', 99674,00002,11.3),
(775,'', 99674,00004,11.3),
(776,'', 99675,00002,11.2),
(777,'', 99675,00004,11.2),
(778,'', 99676,00002,11.7),
(779,'', 99676,00004,11.7),
(780,'', 99677,00002,12.2),
(781,'', 99677,00004,12.2),
(782,'', 99678,00002,8.5),
(783,'', 99678,00004,8.5),
(784,'', 99679,00002,10),
(785,'', 99679,00004,10),
(786,'', 99680,00002,10.8),
(787,'', 99680,00004,10.8),
(788,'', 99681,00002,11.2),
(789,'', 99681,00004,11.2),
(790,'', 99682,00002,11.7),
(791,'', 99682,00004,11.7),
(792,'', 99683,00002,11),
(793,'', 99683,00004,11),
(794,'', 99684,00002,11.3),
(795,'', 99684,00004,11.3),
(796,'', 99685,00002,10.6),
(797,'', 99685,00004,10.6),
(798,'', 99686,00002,12.3),
(799,'', 99686,00004,12.3),
(800,'', 99687,00002,8.6),
(801,'', 99687,00004,8.6),
(802,'', 99688,00002,8.6),
(803,'', 99688,00004,8.6),
(804,'', 99689,00002,11.8),
(805,'', 99689,00004,11.8),
(806,'', 99690,00002,12.3),
(807,'', 99690,00004,12.3),
(808,'', 99691,00002,12.4),
(809,'', 99691,00004,12.4),
(810,'', 99692,00002,11.4),
(811,'', 99692,00004,11.4),
(812,'', 99693,00002,13.3),
(813,'', 99693,00004,13.3),
(814,'', 99694,00002,13.3),
(815,'', 99694,00004,13.3),
(816,'', 99695,00002,10.9),
(817,'', 99695,00004,10.9),
(818,'', 99696,00002,10.9),
(819,'', 99696,00004,10.9),
(820,'', 99697,00002,12.9),
(821,'', 99697,00004,12.9),
(822,'', 99698,00002,14.4),
(823,'', 99698,00004,14.4),
(824,'', 99699,00002,10.8),
(825,'', 99699,00004,10.8),
(826,'', 99700,00002,12.2),
(827,'', 99700,00004,12.2),
(828,'', 99701,00002,11.8),
(829,'', 99701,00004,11.8),
(830,'', 99702,00002,11.8),
(831,'', 99702,00004,11.8),
(832,'', 99703,00002,13.4),
(833,'', 99703,00004,13.4),
(834,'', 99704,00002,11.4),
(835,'', 99704,00004,11.4),
(836,'', 99705,00004,13.4),
(837,'', 99705,00002,13.4),
(838,'', 00304,00004,5),
(839,'', 99706,00002,5.5),
(840,'', 99706,00004,5.5),
(841,'', 99707,00002,10.7),
(842,'', 99707,00004,10.7),
(843,'', 99708,00002,9),
(844,'', 99708,00004,9),
(845,'', 99709,00002,11.4),
(846,'', 99709,00004,11.4),
(847,'', 99710,00002,10),
(848,'', 99710,00004,10),
(849,'', 99711,00002,7.8),
(850,'', 99711,00004,7.8),
(851,'', 99712,00002,8),
(852,'', 99712,00004,8),
(853,'', 99713,00002,13),
(854,'', 99713,00004,13),
(855,'', 99714,00002,9.5),
(856,'', 99714,00004,9.5),
(857,'', 99715,00002,8),
(858,'', 99715,00004,8),
(859,'', 99716,00002,11.5),
(860,'', 99716,00004,11.5),
(861,'', 99717,00002,9.3),
(862,'', 99717,00004,9.3),
(863,'', 99718,00002,14),
(864,'', 99718,00004,14),
(865,'', 99719,00002,17),
(866,'', 99719,00004,17),
(867,'', 99720,00002,15),
(868,'', 99720,00004,14.8),
(869,'', 99721,00002,14.5),
(870,'', 99721,00004,14.5),
(871,'', 99723,00002,9.8),
(872,'', 99723,00004,9.8),
(873,'', 99724,00002,9.8),
(874,'', 99724,00004,9.8),
(875,'', 99725,00002,9.8),
(876,'', 99725,00004,9.8),
(877,'', 99726,00002,12),
(878,'', 99726,00004,12),
(879,'', 99727,00002,10),
(880,'', 99727,00004,10),
(881,'', 99728,00002,11.2),
(882,'', 99728,00004,11.2),
(883,'', 99729,00002,11.8),
(884,'', 99729,00004,11.8),
(885,'', 99730,00002,11.6),
(886,'', 99730,00004,11.6),
(887,'', 99731,00002,9.7),
(888,'', 99731,00004,9.7),
(889,'', 99732,00002,11.2),
(890,'', 99732,00004,11.2),
(891,'', 99733,00002,13),
(892,'', 99733,00004,13),
(893,'', 99734,00002,14),
(894,'', 99734,00004,14),
(895,'', 99735,00002,14),
(896,'', 99735,00004,14),
(897,'', 99736,00002,14),
(898,'', 99736,00004,14),
(899,'', 99737,00002,14),
(900,'', 99737,00004,14),
(901,'', 99738,00002,10),
(902,'', 99738,00004,10),
(903,'', 99739,00002,10),
(904,'', 99739,00004,10),
(905,'', 99740,00002,10),
(906,'', 99740,00004,10),
(907,'', 99741,00002,5.7),
(908,'', 99741,00004,5.7),
(909,'', 99742,00002,9),
(910,'', 99742,00004,9),
(911,'', 99744,00002,5),
(912,'', 99744,00004,5),
(913,'', 99745,00002,5.5),
(914,'', 99745,00004,5.5),
(915,'', 99746,00004,5),
(916,'', 99746,00002,5),
(917,'', 99747,00002,10),
(918,'', 99747,00004,10),
(919,'', 99748,00002,8),
(920,'', 99748,00004,8),
(921,'', 99749,00002,6),
(922,'', 99749,00004,6),
(923,'', 99750,00002,15.3),
(924,'', 99750,00004,15.1),
(925,'', 99751,00002,7),
(926,'', 99751,00004,7),
(927,'', 99752,00002,9),
(928,'', 99752,00004,9),
(929,'', 99753,00002,7.5),
(930,'', 99753,00004,7.5),
(931,'', 99754,00002,12.5),
(932,'', 99754,00004,12.5),
(933,'', 99755,00002,12.5),
(934,'', 99755,00004,12.5),
(935,'', 99757,00004,11.8),
(936,'', 99757,00002,11.8),
(937,'', 99758,00002,13.2),
(938,'', 99758,00004,13.2),
(939,'', 99759,00002,12.9),
(940,'', 99759,00004,12.9),
(941,'', 99760,00002,7),
(942,'', 99760,00004,7),
(943,'', 99761,00004,10.2),
(944,'', 99761,00002,10.2),
(945,'', 99762,00004,9.2),
(946,'', 99762,00002,9.2),
(947,'', 99763,00002,5.8),
(948,'', 99763,00004,5.8),
(949,'', 99764,00002,15),
(950,'', 99764,00004,15),
(951,'', 99765,00002,7),
(952,'', 99765,00004,7),
(953,'', 99766,00002,3.28),
(954,'', 99766,00004,3.28),
(955,'', 99767,00004,5.8),
(956,'', 99767,00002,5.8),
(957,'', 99768,00002,5.8),
(958,'', 99768,00004,5.8),
(959,'', 99769,00002,5.9),
(960,'', 99769,00004,5.9),
(961,'', 99770,00002,9),
(962,'', 99770,00004,9),
(963,'', 99771,00002,12),
(964,'', 99771,00004,12),
(965,'', 99772,00002,13.7),
(966,'', 99772,00004,13.7),
(967,'', 99773,00002,11.2),
(968,'', 99773,00004,11.2),
(969,'', 99774,00002,12.8),
(970,'', 99774,00004,12.8),
(971,'', 99775,00002,12.8),
(972,'', 99775,00004,12.8),
(973,'', 99776,00002,12.8),
(974,'', 99776,00004,12.8),
(975,'', 99777,00002,14.1),
(976,'', 99777,00004,14.1),
(977,'', 99778,00002,12.8),
(978,'', 99778,00004,12.8),
(979,'', 99779,00002,13.2),
(980,'', 99779,00004,13.2),
(981,'', 99780,00002,13.2),
(982,'', 99780,00004,13.2),
(983,'', 99781,00002,11.6),
(984,'', 99781,00004,11.6),
(985,'', 99782,00002,11.6),
(986,'', 99782,00004,11.6),
(987,'', 99783,00002,5),
(988,'', 99783,00004,5),
(989,'', 99784,00002,12.4),
(990,'', 99784,00004,12.4),
(991,'', 99785,00002,13.8),
(992,'', 99785,00004,13.8),
(993,'', 99786,00002,14),
(994,'', 99786,00004,14),
(995,'', 99787,00002,11.2),
(996,'', 99787,00004,11.2),
(997,'', 99788,00002,11),
(998,'', 99788,00004,11),
(999,'', 99789,00002,11.4),
(1000,'', 99789,00004,11.4),
(1001,'', 99790,00002,12.6),
(1002,'', 99790,00004,12.6),
(1003,'', 99791,00002,11.4),
(1004,'', 99791,00004,11.4),
(1005,'', 99792,00002,10.6),
(1006,'', 99792,00004,10.6),
(1007,'', 99793,00002,12),
(1008,'', 99793,00004,12),
(1009,'', 99794,00002,5.9),
(1010,'', 99794,00004,5.9),
(1011,'', 99795,00002,5.9),
(1012,'', 99795,00004,5.9),
(1013,'', 99796,00002,5.9),
(1014,'', 99796,00004,5.9),
(1015,'', 99797,00002,5.9),
(1016,'', 99797,00004,5.9),
(1017,'', 99798,00002,5.9),
(1018,'', 99798,00004,5.9),
(1019,'', 99799,00002,5.9),
(1020,'', 99799,00004,5.9),
(1021,'', 99800,00002,5),
(1022,'', 99800,00004,5),
(1023,'', 99801,00002,10),
(1024,'', 99801,00004,10),
(1025,'', 99802,00002,11),
(1026,'', 99802,00004,11),
(1027,'', 99803,00002,5.5),
(1028,'', 99803,00004,5.5),
(1029,'', 99804,00002,12.6),
(1030,'', 99804,00004,12.6),
(1031,'', 99805,00002,14.4),
(1032,'', 99805,00004,14.4),
(1033,'', 99806,00002,1.6),
(1034,'', 99806,00004,1.6),
(1035,'', 99807,00002,12.6),
(1036,'', 99807,00004,12.6),
(1037,'', 99808,00002,12),
(1038,'', 99808,00004,12),
(1039,'', 99809,00002,10.5),
(1040,'', 99809,00004,10.5),
(1041,'', 99810,00002,12),
(1042,'', 99810,00004,12),
(1043,'', 99811,00002,12.8),
(1044,'', 99811,00004,12.8),
(1045,'', 99812,00002,9.8),
(1046,'', 99812,00004,9.8),
(1047,'', 99813,00002,14.1),
(1048,'', 99813,00004,14.1),
(1049,'', 99814,00002,14),
(1050,'', 99814,00004,14),
(1051,'', 99815,00002,9),
(1052,'', 99815,00004,9),
(1053,'', 99816,00002,10.1),
(1054,'', 99816,00004,10.1),
(1055,'', 99817,00002,13),
(1056,'', 99817,00004,13),
(1057,'', 99818,00002,8.7),
(1058,'', 99818,00004,8.7),
(1059,'', 99819,00002,9.6),
(1060,'', 99819,00004,9.6),
(1061,'', 99820,00002,10.5),
(1062,'', 99820,00004,10.5),
(1063,'', 99821,00002,8.3),
(1064,'', 99821,00004,8.3),
(1065,'', 99822,00002,8.8),
(1066,'', 99822,00004,8.8),
(1067,'', 99823,00002,8.2),
(1068,'', 99823,00004,8.2),
(1069,'', 99824,00002,10.2),
(1070,'', 99824,00004,10.2),
(1071,'', 99825,00002,10.2),
(1072,'', 99825,00004,10.2),
(1073,'', 99826,00002,10.5),
(1074,'', 99826,00004,10.5),
(1075,'', 99827,00002,10.5),
(1076,'', 99827,00004,10.5),
(1077,'', 99828,00002,9.6),
(1078,'', 99828,00004,9.6),
(1079,'', 99829,00002,10.8),
(1080,'', 99829,00004,10.8),
(1081,'', 99830,00002,11.4),
(1082,'', 99830,00004,11.4),
(1083,'', 99831,00002,11.5),
(1084,'', 99831,00004,11.5),
(1085,'', 99832,00002,14.2),
(1086,'', 99832,00004,14.2),
(1087,'', 99833,00002,9.2),
(1088,'', 99833,00004,9.2),
(1089,'', 99834,00002,6.9),
(1090,'', 99834,00004,6.9),
(1091,'', 99835,00002,10.8),
(1092,'', 99835,00004,10.8),
(1093,'', 99836,00002,11.2),
(1094,'', 99836,00004,11.2),
(1095,'', 99837,00002,9.5),
(1096,'', 99837,00004,9.5),
(1097,'', 99838,00002,12.5),
(1098,'', 99838,00004,12.5),
(1099,'', 99839,00002,10.5),
(1100,'', 99839,00004,10.5),
(1101,'', 99840,00002,11.3),
(1102,'', 99840,00004,11.3),
(1103,'', 99841,00002,13.8),
(1104,'', 99841,00004,13.8),
(1105,'', 99842,00002,11.5),
(1106,'', 99842,00004,11.5),
(1107,'', 99843,00002,13.7),
(1108,'', 99843,00004,13.7),
(1109,'', 99844,00002,10.7),
(1110,'', 99844,00004,10.7),
(1111,'', 99845,00002,7),
(1112,'', 99845,00004,7),
(1113,'', 99846,00002,13.6),
(1114,'', 99846,00002,13.6),
(1115,'', 99847,00002,10.5),
(1116,'', 99847,00004,10.5),
(1117,'', 99848,00002,11.8),
(1118,'', 99848,00004,11.8),
(1119,'', 99849,00002,13.5),
(1120,'', 99849,00004,13.5),
(1121,'', 99850,00002,12.5),
(1122,'', 99850,00004,12.5),
(1123,'', 99851,00002,12.5),
(1124,'', 99851,00004,12.5),
(1125,'', 99852,00002,2.5),
(1126,'', 99852,00004,2.5),
(1127,'', 99856,00002,13.5),
(1128,'', 99856,00004,13.5),
(1129,'', 99855,00002,24),
(1130,'', 99855,00004,24),
(1131,'', 99853,00002,13.7),
(1132,'', 99853,00004,13.7),
(1133,'', 99854,00002,12.5),
(1134,'', 99854,00004,12.5),
(1135,'', 99857,00002,7),
(1136,'', 99857,00004,7),
(1137,'', 99858,00002,12),
(1138,'', 99858,00004,12),
(1139,'', 99859,00002,12),
(1140,'', 99859,00004,12),
(1141,'', 99860,00002,9),
(1142,'', 99860,00004,9),
(1143,'', 99861,00002,13),
(1144,'', 99861,00004,13),
(1145,'', 99862,00002,15),
(1146,'', 99862,00004,15);

DROP TABLE IF EXISTS `CLients`;
CREATE TABLE `CLients`(
`cod` mediumint(8) NOT NULL auto_increment,
`name` text character set utf8 collate utf8_unicode_ci,
`fullname` text character set utf8 collate utf8_unicode_ci,
`date` text character set utf8 collate utf8_unicode_ci,
`typprice` mediumint(5)  default NULL,
`login` text character set utf8 collate utf8_unicode_ci,
`password` text character set utf8 collate utf8_unicode_ci,
`datepass` text character set utf8 collate utf8_unicode_ci,
`phone` text character set utf8 collate utf8_unicode_ci,
`address` text character set utf8 collate utf8_unicode_ci,
`email` text character set utf8 collate utf8_unicode_ci,
`file_1` text character set utf8 collate utf8_unicode_ci,
`file_2` text character set utf8 collate utf8_unicode_ci,
`file_3` text character set utf8 collate utf8_unicode_ci,
`access1` mediumint(1) default NULL,
`access2` mediumint(1) default NULL,
`access3` mediumint(1) default NULL,
`access4` mediumint(1) default NULL,
`access5` mediumint(1) default NULL,
`access6` mediumint(1) default NULL,
PRIMARY KEY (`cod`) );  

INSERT INTO `CLients` (`cod`, `name`, `fullname`, `date`, `typprice`,`login`, `password`, `datepass`, `phone`, `address`, `email`, `file_1`, `file_2`,`file_3`, `access1`, `access2`, `access3`, `access4`,`access5`,`access6`) VALUES
(00111311,'Колмакова Татьяна Генадьевна', 'Колмакова Татьяна Генадьевна                                                                        ','  .  .  ',00002,'               ','          ','  .  .  ','','','                                        ','_1.xls','_2.xls','_3.xls','0','0','0','0' ,'0','0'),
(00111343,'Луценко Ирина Ивановна', 'Луценко Ирина Ивановна                                                                              ','  .  .  ',00002,'               ','          ','  .  .  ','+79039248068','','                                        ','_1.xls','_2.xls','_3.xls','0','0','0','0' ,'0','0'),
(00111251,'Маткулова Аня', 'Маткулова Аня                                                                                       ','  .  .  ',00002,'               ','          ','  .  .  ','+7 983 198 44 40','','                                        ','_1.xls','_2.xls','_3.xls','0','0','0','0' ,'0','0'),
(00111431,'Михалкина Ольга', 'Михалкина Ольга                                                                                     ','  .  .  ',00002,'               ','          ','  .  .  ','','','                                        ','_1.xls','_2.xls','_3.xls','0','0','0','0' ,'0','0'),
(00000131,'Симакова Наталья Игоревна', 'Симакова Наталья Игоревна                                                                           ','27.05.78',00002,'simakova       ','8B15ADT3  ','  .  .  ','89135410708','','allarih77@mail.ru                       ','simakova_1.xls','simakova_2.xls','simakova_3.xls','1','0','0','0' ,'0','0'),
(00111342,'Хабенко Татьяна Дмитриевна', 'Хабенко Татьяна Юрьевна                                                                             ','  .  .  ',00002,'               ','          ','  .  .  ','+79233989261','','                                        ','_1.xls','_2.xls','_3.xls','0','0','0','0' ,'0','0'),
(00111224,'Халматова Оксана', 'Халматова Оксана                                                                                    ','  .  .  ',00002,'               ','          ','  .  .  ','+7 913 446 98 48','','                                        ','_1.xls','_2.xls','_3.xls','0','0','0','0' ,'0','0'),
(00000081,'Кулшынбаев Самат', ' Кулшынбаев Самат                                                                                   ','  .  .  ',00002,'               ','          ','  .  .  ','87052665050   0770394503','','                                        ','_1.xls','_2.xls','_3.xls','0','0','0','0' ,'0','0'),
(00111193,'Букотаева Айзада', 'Букотаева Айзада                                                                                    ','  .  .  ',00002,'               ','          ','  .  .  ','87774186681','','                                        ','_1.xls','_2.xls','_3.xls','0','0','0','0' ,'0','0'),
(00111185,'Богданова Елена', 'Богданова Елена                                                                                     ','  .  .  ',00002,'               ','          ','  .  .  ','87779204517','','                                        ','_1.xls','_2.xls','_3.xls','0','0','0','0' ,'0','0'),
(00000032,'Бондаренко Ольга Федоровна', 'Бондаренко Ольга Федоровна                                                                          ','  .  .  ',00002,'               ','          ','  .  .  ','+77014115734','','aktau-uatka@mail.ru                     ','_1.xls','_2.xls','_3.xls','0','0','0','0' ,'0','0'),
(00111295,'Бурлибаева Динара Естемесовна', 'Бурлибаева Динара Естемесовна                                                                       ','22.01.89',00002,'               ','          ','  .  .  ','87029972282','','                                        ','_1.xls','_2.xls','_3.xls','0','0','0','0' ,'0','0'),
(00111397,'Лоскутова Ирина', 'Лоскутова Ирина                                                                                     ','  .  .  ',00002,'               ','          ','  .  .  ','+77789156088','','                                        ','_1.xls','_2.xls','_3.xls','0','0','0','0' ,'0','0'),
(00111464,'Тлеубергенова Гульзада', 'Тлеубергенова Гульзада                                                                              ','  .  .  ',00002,'               ','          ','  .  .  ','','','                                        ','_1.xls','_2.xls','_3.xls','0','0','0','0' ,'0','0'),
(00000050,'Агдулина Нурия Бахатовна', 'Агдулина Нурия Бахатовна                                                                            ','  .  .  ',00002,'               ','          ','  .  .  ','87132777466дом.   87014221704','','                                        ','_1.xls','_2.xls','_3.xls','0','0','0','0' ,'0','0'),
(00111203,'Бондаренко Елена', 'Бондаренко Елена                                                                                    ','  .  .  ',00002,'               ','          ','  .  .  ','87054681476','','                                        ','_1.xls','_2.xls','_3.xls','0','0','0','0' ,'0','0'),
(00001142,'Жакупова Галия', 'Жакупова Галия                                                                                      ','  .  .  ',00002,'               ','          ','  .  .  ','87057301146','','                                        ','_1.xls','_2.xls','_3.xls','0','0','0','0' ,'0','0'),
(00000058,'Альтенгоф Евгения', 'Альтенгоф Евгения                                                                                   ','  .  .  ',00002,'               ','          ','  .  .  ','87026363149','','                                        ','_1.xls','_2.xls','_3.xls','0','0','0','0' ,'0','0'),
(00111433,'Бостонбаева Канышай', 'Бостонбаева Канышай                                                                                 ','  .  .  ',00002,'               ','          ','  .  .  ','','','                                        ','_1.xls','_2.xls','_3.xls','0','0','0','0' ,'0','0'),
(00111289,'Журинтаева Гаухар Тазабековна', 'Журинтаева Гаухар Тазабековна                                                                       ','14.12.81',00002,'               ','          ','  .  .  ','','','                                        ','_1.xls','_2.xls','_3.xls','0','0','0','0' ,'0','0'),
(00000054,'Исаев Эльбек', 'Исаев Эльбек                                                                                        ','  .  .  ',00002,'               ','          ','  .  .  ','+77786224565','','                                        ','_1.xls','_2.xls','_3.xls','0','0','0','0' ,'0','0'),
(00000093,'Кадырбаева Соня', 'Кадырбаева Соня                                                                                     ','  .  .  ',00002,'               ','          ','  .  .  ','+77752095140    0773544507','','                                        ','_1.xls','_2.xls','_3.xls','0','0','0','0' ,'0','0'),
(00111154,'Касымова Рита', 'Касымова Рита                                                                                       ','  .  .  ',00002,'               ','          ','  .  .  ','0777981515','','                                        ','_1.xls','_2.xls','_3.xls','0','0','0','0' ,'0','0'),
(00111443,'Ослякова Елена', 'Ослякова Елена                                                                                      ','  .  .  ',00002,'               ','          ','  .  .  ','+77052432378','','                                        ','_1.xls','_2.xls','_3.xls','0','0','0','0' ,'0','0'),
(00111283,'Радикова  Бахыт', 'Радикова  Бахыт                                                                                     ','  .  .  ',00002,'               ','          ','  .  .  ','+7 778 683 69 18','','                                        ','_1.xls','_2.xls','_3.xls','0','0','0','0' ,'0','0'),
(00111432,'Юнусова Рашида', 'Юнусова Рашида                                                                                      ','  .  .  ',00002,'               ','          ','  .  .  ','','','                                        ','_1.xls','_2.xls','_3.xls','0','0','0','0' ,'0','0'),
(00000101,'Жиембаева Нургуль', 'Жиембаева Нургуль                                                                                   ','  .  .  ',00002,'               ','          ','  .  .  ','87011239597','','                                        ','_1.xls','_2.xls','_3.xls','0','0','0','0' ,'0','0'),
(00111476,'Корыстина Наталья', 'Корыстина Наталья                                                                                   ','  .  .  ',00002,'               ','          ','  .  .  ','+77017094993','','                                        ','_1.xls','_2.xls','_3.xls','0','0','0','0' ,'0','0'),
(00111282,'Оспанова  Асем', 'Оспанова  Асем                                                                                      ','  .  .  ',00002,'               ','          ','  .  .  ','+7 702 650 23 99','','                                        ','_1.xls','_2.xls','_3.xls','0','0','0','0' ,'0','0'),
(00111402,'Воронова Светлана Витальевна', 'Воронова Светлана Витальевна                                                                        ','  .  .  ',00002,'               ','          ','  .  .  ','+79093736336','','                                        ','_1.xls','_2.xls','_3.xls','0','0','0','0' ,'0','0'),
(00111201,'Еремкина Антонина', 'Еремкина Антонина                                                                                   ','  .  .  ',00002,'               ','          ','  .  .  ','89275695603','','                                        ','_1.xls','_2.xls','_3.xls','0','0','0','0' ,'0','0'),
(00111297,'Калгушкина Лидия Павловна', 'Калгушкина Лидия Павловна                                                                           ','08.06.52',00002,'               ','          ','  .  .  ','89033210594','','                                        ','_1.xls','_2.xls','_3.xls','0','0','0','0' ,'0','0'),
(00000067,'Рома Настя', 'Рома Настя                                                                                          ','  .  .  ',00002,'               ','          ','  .  .  ','0550561426','','                                        ','_1.xls','_2.xls','_3.xls','0','0','0','0' ,'0','0'),
(00011138,'Эльвира', 'Эльвира                                                                                             ','  .  .  ',00002,'               ','          ','  .  .  ','','','                                        ','_1.xls','_2.xls','_3.xls','0','0','0','0' ,'0','0'),
(00000114,'Акунов Айбек', 'Акунов Айбек                                                                                        ','  .  .  ',00002,'               ','          ','  .  .  ','+7702789084    0552111079','','                                        ','_1.xls','_2.xls','_3.xls','0','0','0','0' ,'0','0'),
(00111360,'Бахнова Татьяна Ивановна', 'Бахнова Татьяна Ивановна                                                                            ','  .  .  ',00002,'               ','          ','  .  .  ','+89236504848','','                                        ','_1.xls','_2.xls','_3.xls','0','0','0','0' ,'0','0'),
(00111341,'Бекетова Елена Ивановна', 'Бекетова Елена Ивановна                                                                             ','  .  .  ',00002,'beketova       ','T18GPJI9  ','  .  .  ','89236436857','','                                        ','beketova_1.xls','beketova_2.xls','beketova_3.xls','0','0','0','0' ,'0','0'),
(00000091,'Блинова Марина', 'Блинова Марина                                                                                      ','  .  .  ',00002,'               ','          ','  .  .  ','9069606097','','alfa-omega1985@mail.ru                  ','_1.xls','_2.xls','_3.xls','0','0','0','0' ,'0','0'),
(00111143,'Гордиева Надежда', 'Гордиева Надежда                                                                                    ','  .  .  ',00002,'               ','          ','  .  .  ','9635271511','','                                        ','_1.xls','_2.xls','_3.xls','0','0','0','0' ,'0','0'),
(00111175,'Гревцева Елена', 'Гревцева Елена                                                                                      ','  .  .  ',00002,'               ','          ','  .  .  ','9612371702','','                                        ','_1.xls','_2.xls','_3.xls','0','0','0','0' ,'0','0'),
(00111153,'Калиниченко Галина', 'Калиниченко Галина                                                                                  ','  .  .  ',00002,'               ','          ','  .  .  ','9831769865','','                                        ','_1.xls','_2.xls','_3.xls','0','0','0','0' ,'0','0'),
(00111425,'Коняева Елена', 'Коняева Елена                                                                                       ','  .  .  ',00002,'               ','          ','  .  .  ','+79236523608','','                                        ','_1.xls','_2.xls','_3.xls','0','0','0','0' ,'0','0'),
(00011137,'Кулага Александр', 'Кулага Александр                                                                                    ','  .  .  ',00002,'               ','          ','  .  .  ','9635782246','','                                        ','_1.xls','_2.xls','_3.xls','0','0','0','0' ,'0','0'),
(00111298,'Любивая Юлия Владимировна', 'Любивая Юлия Владимировна                                                                           ','05.12.75',00002,'               ','          ','  .  .  ','0079133601460','','                                        ','_1.xls','_2.xls','_3.xls','0','0','0','0' ,'0','0'),
(00111252,'Малыгина Нина', 'Малыгина Нина                                                                                       ','  .  .  ',00002,'               ','          ','  .  .  ','+7 913 260 23 03','','                                        ','_1.xls','_2.xls','_3.xls','0','0','0','0' ,'0','0'),
(00111133,'Мартюшова Наталья', 'Мартюшова Наталья                                                                                   ','  .  .  ',00002,'               ','          ','  .  .  ','89831000241','','                                        ','_1.xls','_2.xls','_3.xls','0','0','0','0' ,'0','0'),
(00000052,'Савельева Елена', 'Савельева Елена                                                                                     ','  .  .  ',00002,'               ','          ','  .  .  ','8 905 98 39 535                8 923 65 45 570','','sickcur.@mail.ru                        ','_1.xls','_2.xls','_3.xls','0','0','0','0' ,'0','0'),
(00111362,'Юшкевич Наталья Ивановна', 'Юшкевич Наталья Ивановна                                                                            ','  .  .  ',00002,'               ','          ','  .  .  ','8 909 5050205','','                                        ','_1.xls','_2.xls','_3.xls','0','0','0','0' ,'0','0'),
(00111173,'Хаджиярова Айслу', 'Хаджиярова Айслу                                                                                    ','  .  .  ',00002,'               ','          ','  .  .  ','89279419693      89177413456','','                                        ','_1.xls','_2.xls','_3.xls','0','0','0','0' ,'0','0'),
(00111292,'Садыкова Валима Расулевна', 'Садыкова Валима Расулевна                                                                           ','13.03.61',00002,'               ','          ','  .  .  ','','','                                        ','_1.xls','_2.xls','_3.xls','0','0','0','0' ,'0','0'),
(00000090,'Чунина Ирина', 'Чунина Ирина                                                                                        ','  .  .  ',00002,'               ','          ','  .  .  ','89373301778','','                                        ','_1.xls','_2.xls','_3.xls','0','0','0','0' ,'0','0'),
(00111215,'Баишева Айгуль Галимьяновна', 'Баишева Айгуль Галимьяновна                                                                         ','07.06.79',00002,'Bashieva       ','FI53VUSH  ','  .  .  ','89053577847','','baisheva-79@mail.ru                     ','Bashieva_1.xls','Bashieva_2.xls','Bashieva_3.xls','1','0','0','0' ,'0','0'),
(00000122,'Арапова Зина', 'Арапова Зина                                                                                        ','  .  .  ',00002,'               ','          ','  .  .  ','89066028480','','arapova@inbox.ru                        ','_1.xls','_2.xls','_3.xls','0','0','0','0' ,'0','0'),
(00111326,'Васюнин Александр Николаевич', 'Васюнин Александр Николаевич                                                                        ','  .  .  ',00002,'Vasunin        ','L96H3HD4  ','  .  .  ','+79205968478','','ninyusov@gmail.com                      ','Vasunin_1.xls','Vasunin_2.xls','Vasunin_3.xls','0','0','0','0' ,'0','0'),
(00111190,'Чернышова Елена Владимировна', 'Чернышова Елена Владимировна                                                                        ','  .  .  ',00002,'               ','          ','  .  .  ','+79246800232','','chernyshowae@mail.ru                    ','_1.xls','_2.xls','_3.xls','0','0','0','0' ,'0','0'),
(00111250,'Кузнецова Ольга', 'Кузнецова Ольга                                                                                     ','  .  .  ',00002,'               ','          ','  .  .  ','+7 960 923 48 80','','                                        ','_1.xls','_2.xls','_3.xls','0','0','0','0' ,'0','0'),
(00111218,'Кардаш Светлана Владимировна', 'Кардаш Светлана Владимировна                                                                        ','12.05.74',00002,'Kardash        ','M07H01B3  ','  .  .  ','+79033541726','','kardash1@rambler.ru                     ','Kardash_1.xls','Kardash_2.xls','Kardash_3.xls','1','0','0','0' ,'0','0'),
(00000098,'Мазель Любовь Владимировна', 'Мазель Любовь Владимировна                                                                          ','  .  .  ',00002,'               ','          ','  .  .  ','89635219882','','mazel@list.ru                           ','_1.xls','_2.xls','_3.xls','0','0','0','0' ,'0','0'),
(00000102,'Щигрева Ирина', 'Щигрева Ирина                                                                                       ','  .  .  ',00002,'               ','          ','  .  .  ','89132374107','','irina-shigreva@mail.ru                  ','_1.xls','_2.xls','_3.xls','0','0','0','0' ,'0','0'),
(00111303,'KG MART', 'KG MART                                                                                             ','  .  .  ',00002,'               ','          ','  .  .  ','','','                                        ','_1.xls','_2.xls','_3.xls','0','0','0','0' ,'0','0'),
(00111381,'Kids kg', 'Kids kg                                                                                             ','  .  .  ',00002,'               ','          ','  .  .  ','0778105099      0705809980','','                                        ','_1.xls','_2.xls','_3.xls','0','0','0','0' ,'0','0'),
(00111309,'Алена Бишкек', 'Алена Бишкек                                                                                        ','  .  .  ',00002,'               ','          ','  .  .  ','','','                                        ','_1.xls','_2.xls','_3.xls','0','0','0','0' ,'0','0'),
(00111299,'Виктор', 'Виктор                                                                                              ','  .  .  ',00002,'               ','          ','  .  .  ','','','                                        ','_1.xls','_2.xls','_3.xls','0','0','0','0' ,'0','0'),
(00000005,'Дордой', 'Дордой                                                                                              ','  .  .  ',00001,'               ','          ','  .  .  ','','','                                        ','_1.xls','_2.xls','_3.xls','0','0','0','0' ,'0','0'),
(00111472,'Елена Барнаул', 'Елена Барнаул                                                                                       ','  .  .  ',00002,'               ','          ','  .  .  ','0700956782','','                                        ','_1.xls','_2.xls','_3.xls','0','0','0','0' ,'0','0'),
(00000084,'Катерина', 'Катерина                                                                                            ','  .  .  ',00002,'katerina       ','D2J5X5FN  ','  .  .  ','','','                                        ','katerina_1.xls','katerina_2.xls','katerina_3.xls','1','0','0','0' ,'0','0'),
(00111417,'Корнеева Оксана', 'Корнеева Оксана                                                                                     ','  .  .  ',00002,'               ','          ','  .  .  ','','','                                        ','_1.xls','_2.xls','_3.xls','0','0','0','0' ,'0','0'),
(00111475,'Омурбекова Айзада', 'Омурбекова Айзада                                                                                   ','  .  .  ',00002,'               ','          ','  .  .  ','0550724271','','                                        ','_1.xls','_2.xls','_3.xls','0','0','0','0' ,'0','0'),
(00000001,'Цех 1', '                                                                                                    ','  .  .  ',00001,'               ','          ','  .  .  ','','','                                        ','_1.xls','_2.xls','_3.xls','0','0','0','0' ,'0','0'),
(00000004,'Цех 2', 'Цех 2                                                                                               ','  .  .  ',00001,'               ','          ','  .  .  ','','','                                        ','_1.xls','_2.xls','_3.xls','0','0','0','0' ,'0','0'),
(00111390,'Шаршиева Венера Орумбековна', 'Шаршиева Венера Орумбековна                                                                         ','  .  .  ',00002,'               ','          ','  .  .  ','0778370059','','                                        ','_1.xls','_2.xls','_3.xls','0','0','0','0' ,'0','0'),
(00111245,'шеф', 'шеф                                                                                                 ','  .  .  ',00002,'               ','          ','  .  .  ','','','                                        ','_1.xls','_2.xls','_3.xls','0','0','0','0' ,'0','0'),
(00111307,'Плужникова Альфия Сабировна', 'Плужникова Альфия Сабировна                                                                         ','15.10.82',00002,'               ','          ','  .  .  ','','','                                        ','_1.xls','_2.xls','_3.xls','0','0','0','0' ,'0','0'),
(00111350,'Ташанова Рахат', 'Ташанова Рахат                                                                                      ','  .  .  ',00002,'Tashanova      ','A04Q366K  ','  .  .  ','89638180593','','                                        ','Tashanova_1.xls','Tashanova_2.xls','Tashanova_3.xls','0','0','0','0' ,'0','0'),
(00000120,'Валова Оксана', 'Валова Оксана                                                                                       ','  .  .  ',00002,'               ','          ','  .  .  ','7073390021','','                                        ','_1.xls','_2.xls','_3.xls','0','0','0','0' ,'0','0'),
(00111186,'Нурпиисова Наиля', 'Нурпиисова Наиля                                                                                    ','  .  .  ',00002,'               ','          ','  .  .  ','87026749829','','                                        ','_1.xls','_2.xls','_3.xls','0','0','0','0' ,'0','0'),
(00111270,'Григорьева Ирина', 'Григорьева Ирина                                                                                    ','  .  .  ',00002,'               ','          ','  .  .  ','+7 914 910 88 80','','                                        ','_1.xls','_2.xls','_3.xls','0','0','0','0' ,'0','0'),
(00111166,'Черкашина  Роза Михайловна', 'Черкашина  Роза Михайловна                                                                          ','  .  .  ',00002,'Roza           ','KOQMR95P  ','  .  .  ','89642257731','','                                        ','Roza_1.xls','Roza_2.xls','Roza_3.xls','0','0','0','0' ,'0','0'),
(00000013,'Драницын Роман Валерьевич', 'Драницын Роман Валерьевич                                                                           ','  .  .  ',00002,'dranicin       ','VEIW39SU  ','  .  .  ','+79648830414  +79033216530    +79033787789','','d_romakg@mail.ru                        ','dranicin_1.xls','dranicin_2.xls','dranicin_3.xls','0','0','0','0' ,'0','0'),
(00111358,'Жылдыз', 'Жылдыз                                                                                              ','  .  .  ',00002,'               ','          ','  .  .  ','0550732726','','                                        ','_1.xls','_2.xls','_3.xls','0','0','0','0' ,'0','0'),
(00111150,'Шаршенбаева Дамира', 'Шаршенбаева Дамира                                                                                  ','  .  .  ',00002,'               ','          ','  .  .  ','0550977160','','                                        ','_1.xls','_2.xls','_3.xls','0','0','0','0' ,'0','0'),
(00111196,'Шуткина Юля', 'Шуткина Юля                                                                                         ','  .  .  ',00002,'               ','          ','  .  .  ','+79124672840','','shutkina . yoliya@mail.ru               ','_1.xls','_2.xls','_3.xls','0','0','0','0' ,'0','0'),
(00000108,'Сангинов Алишер', 'Сангинов Алишер                                                                                     ','  .  .  ',00002,'               ','          ','  .  .  ','992918884141','','                                        ','_1.xls','_2.xls','_3.xls','0','0','0','0' ,'0','0'),
(00000107,'Соломат Мирзаева', 'Соломат Мирзаева                                                                                    ','  .  .  ',00002,'               ','          ','  .  .  ','992935693131  или  4141','','                                        ','_1.xls','_2.xls','_3.xls','0','0','0','0' ,'0','0'),
(00111420,'Хикматова Парвина', 'Хикматова Парвина                                                                                   ','  .  .  ',00002,'               ','          ','  .  .  ','','','                                        ','_1.xls','_2.xls','_3.xls','0','0','0','0' ,'0','0'),
(00111369,'Айгуль', 'Айгуль                                                                                              ','  .  .  ',00002,'               ','          ','  .  .  ','','','                                        ','_1.xls','_2.xls','_3.xls','0','0','0','0' ,'0','0'),
(00000015,'Ким Ирина Еликсеевна', 'Ким Ирина Еликсеевна                                                                                ','  .  .  ',00004,'kim            ','63GK8P1I  ','  .  .  ','+79826187557','','                                        ','kim_1.xls','kim_2.xls','kim_3.xls','0','0','0','0' ,'0','0'),
(00000016,'Романова Маргарита Владиславовна', 'Романова Маргарита Владиславовна                                                                    ','  .  .  ',00002,'romanova       ','6J1S2QI9  ','  .  .  ','+79022682983','','                                        ','romanova_1.xls','romanova_2.xls','romanova_3.xls','0','0','0','0' ,'0','0'),
(00111364,'Усеинова Анархан', 'Усеинова Анархан                                                                                    ','  .  .  ',00002,'               ','          ','  .  .  ','772260525','','                                        ','_1.xls','_2.xls','_3.xls','0','0','0','0' ,'0','0'),
(00111336,'Мельников Андрей Михайлович', 'Мельников Андрей Михайлович                                                                         ','  .  .  ',00002,'               ','          ','  .  .  ','89226821569    89225215354','','mig-9@mail.ru                           ','_1.xls','_2.xls','_3.xls','0','0','0','0' ,'0','0'),
(00000104,'Цыгвинцева Инна', 'Цыгвинцева Инна                                                                                     ','  .  .  ',00002,'               ','          ','  .  .  ','+7 912 767 32 55','','POLINAC5@MAIL.RU                        ','_1.xls','_2.xls','_3.xls','0','0','0','0' ,'0','0'),
(00000082,'Бак Ольга', 'Бак Ольга                                                                                           ','  .  .  ',00002,'               ','          ','  .  .  ','89025117237        0552090524','','                                        ','_1.xls','_2.xls','_3.xls','0','0','0','0' ,'0','0'),
(00111380,'Ирина Афанасенко', 'Ирина Афанасенко                                                                                    ','  .  .  ',00002,'               ','          ','  .  .  ','','','                                        ','_1.xls','_2.xls','_3.xls','0','0','0','0' ,'0','0'),
(00000092,'Кадырова Нурила', 'Кадырова Нурила                                                                                     ','  .  .  ',00002,'               ','          ','  .  .  ','89246147672   778195287','','                                        ','_1.xls','_2.xls','_3.xls','0','0','0','0' ,'0','0'),
(00000075,'Меримова Айгль', ' Меримова Айгль                                                                                     ','  .  .  ',00002,'               ','          ','  .  .  ','558788517','','t.aigul89@mail.ru                       ','_1.xls','_2.xls','_3.xls','0','0','0','0' ,'0','0'),
(00111454,'Сарапунова Лариса Александровна', 'Сарапунова Лариса Александровна                                                                     ','  .  .  ',00002,'               ','          ','  .  .  ','','','                                        ','_1.xls','_2.xls','_3.xls','0','0','0','0' ,'0','0'),
(00111349,'Сарыков  Анарбек Сатарбаевич', 'Сарыков  Анарбек Сатарбаевич                                                                        ','  .  .  ',00002,'               ','          ','  .  .  ','89246349590  796442151136','','                                        ','_1.xls','_2.xls','_3.xls','0','0','0','0' ,'0','0'),
(00000110,'Середкина Лариса Алексеевна', 'Середкина Лариса Алексеевна                                                                         ','  .  .  ',00002,'seredkina      ','838L07T0  ','  .  .  ','89646555114        0559075366','','seredkina40@mail.ru                     ','seredkina_1.xls','seredkina_2.xls','seredkina_3.xls','1','0','0','0' ,'0','0'),
(00111404,'Турдубаев Неъматилла Аширбаевич', 'Турдубаев Неъматилла Аширбаевич                                                                     ','  .  .  ',00002,'               ','          ','  .  .  ','+79641003768','','                                        ','_1.xls','_2.xls','_3.xls','0','0','0','0' ,'0','0'),
(00001136,'Богданова Ольга Ивановна', 'Богданова Ольга Ивановна                                                                            ','  .  .  ',00002,'               ','          ','  .  .  ','89028152493','','                                        ','_1.xls','_2.xls','_3.xls','0','0','0','0' ,'0','0'),
(00111272,'Синкина Тамара', 'Синкина Тамара                                                                                      ','  .  .  ',00002,'               ','          ','  .  .  ','+7 950 486 59 62','','                                        ','_1.xls','_2.xls','_3.xls','0','0','0','0' ,'0','0'),
(00111457,'Акбарова Сабина', 'Акбарова Сабина                                                                                     ','  .  .  ',00002,'               ','          ','  .  .  ','0772775599','','                                        ','_1.xls','_2.xls','_3.xls','0','0','0','0' ,'0','0'),
(00000105,'Габитова Мухабат Абишевна', 'Габитова Мухабат Абишевна                                                                           ','13.05.72',00002,'               ','          ','  .  .  ','89625502741','','                                        ','_1.xls','_2.xls','_3.xls','0','0','0','0' ,'0','0'),
(00000038,'Изрекова Роза .    Замира', 'Изрекова Роза .    Замира                                                                           ','  .  .  ',00002,'               ','          ','  .  .  ','0777019993     89178976905','','bezika82@mail.ru                        ','_1.xls','_2.xls','_3.xls','0','0','0','0' ,'0','0'),
(00000117,'Рианна', 'Рианна                                                                                              ','  .  .  ',00002,'rianna         ','F9RMDLVE  ','  .  .  ','+79033874924','','rianna2004@mail.ru                      ','rianna_1.xls','rianna_2.xls','rianna_3.xls','0','0','0','0' ,'0','0'),
(00000042,'Воденникова Ольга Васильевна', 'Воденникова Ольга Васильевна                                                                        ','  .  .  ',00002,'               ','          ','  .  .  ','+79221212343','','                                        ','_1.xls','_2.xls','_3.xls','0','0','0','0' ,'0','0'),
(00111258,'ахметова Гульнара', 'ахметова Гульнара                                                                                   ','  .  .  ',00002,'               ','          ','  .  .  ','+7 777 517 16 54','','                                        ','_1.xls','_2.xls','_3.xls','0','0','0','0' ,'0','0'),
(00111385,'Валентина Фомина', 'Валентина Фомина                                                                                    ','  .  .  ',00002,'               ','          ','  .  .  ','','','                                        ','_1.xls','_2.xls','_3.xls','0','0','0','0' ,'0','0'),
(00111415,'Гурницкая Оксана', 'Гурницкая Оксана                                                                                    ','  .  .  ',00002,'               ','          ','  .  .  ','+777052272917','','                                        ','_1.xls','_2.xls','_3.xls','0','0','0','0' ,'0','0'),
(00111233,'Каблукова Наталья Дмитриевна', 'Каблукова Наталья Дмитриевна                                                                        ','  .  .  ',00002,'               ','          ','  .  .  ','8 701 495 66 77      8 700 425 64 95','','Kablukova--nataly@mail.ru               ','_1.xls','_2.xls','_3.xls','0','0','0','0' ,'0','0'),
(00111400,'Казанцева Надежда', 'Казанцева Надежда                                                                                   ','  .  .  ',00002,'               ','          ','  .  .  ','+77013866806','','                                        ','_1.xls','_2.xls','_3.xls','0','0','0','0' ,'0','0'),
(00111187,'Коршунова Светлана', 'Коршунова Светлана                                                                                  ','  .  .  ',00002,'               ','          ','  .  .  ','87012233875','','                                        ','_1.xls','_2.xls','_3.xls','0','0','0','0' ,'0','0'),
(00111178,'Набиулина Анжела', 'Набиулина Анжела                                                                                    ','  .  .  ',00002,'               ','          ','  .  .  ','87015134268   +7 777 07 366 14','','                                        ','_1.xls','_2.xls','_3.xls','0','0','0','0' ,'0','0'),
(00111176,'Орумбекова Наргиза', 'Орумбекова Наргиза                                                                                  ','  .  .  ',00002,'               ','          ','  .  .  ','+777051422523','','                                        ','_1.xls','_2.xls','_3.xls','0','0','0','0' ,'0','0'),
(00111171,'Сагинбаева Галина', 'Сагинбаева Галина                                                                                   ','  .  .  ',00002,'               ','          ','  .  .  ','87015467378','','                                        ','_1.xls','_2.xls','_3.xls','0','0','0','0' ,'0','0'),
(00111152,'Коновалова Надежда', 'Коновалова Надежда                                                                                  ','  .  .  ',00002,'               ','          ','  .  .  ','89131013702','','                                        ','_1.xls','_2.xls','_3.xls','0','0','0','0' ,'0','0'),
(00111345,'Абромовских Ольга Вячеславовна', 'Абромовских Ольга Вячеславовна                                                                      ','  .  .  ',00002,'               ','          ','  .  .  ','+79235062796','','                                        ','_1.xls','_2.xls','_3.xls','0','0','0','0' ,'0','0'),
(00111409,'Агалыева Татьяна', 'Агалыева Татьяна                                                                                    ','  .  .  ',00002,'               ','          ','  .  .  ','+79059652382','','                                        ','_1.xls','_2.xls','_3.xls','0','0','0','0' ,'0','0'),
(00001131,'Белова баба Юля', 'Белова баба Юля                                                                                     ','  .  .  ',00002,'               ','          ','  .  .  ','','','                                        ','_1.xls','_2.xls','_3.xls','0','0','0','0' ,'0','0'),
(00111132,'Васильева Тамара', 'Васильева Тамара                                                                                    ','  .  .  ',00002,'               ','          ','  .  .  ','89122439310','','                                        ','_1.xls','_2.xls','_3.xls','0','0','0','0' ,'0','0'),
(00111207,'Диатдинова Ольга', 'Диатдинова Ольга                                                                                    ','  .  .  ',00002,'               ','          ','  .  .  ','+7 923 522 24 10','','diatdinova@yandex.ru                    ','_1.xls','_2.xls','_3.xls','0','0','0','0' ,'0','0'),
(00111467,'Иванова Татьяна', 'Иванова Татьяна                                                                                     ','  .  .  ',00002,'               ','          ','  .  .  ','','','                                        ','_1.xls','_2.xls','_3.xls','0','0','0','0' ,'0','0'),
(00111445,'Колясова Елена Александровна', 'Колясова Елена Александровна                                                                        ','  .  .  ',00002,'               ','          ','  .  .  ','+79139202737','','                                        ','_1.xls','_2.xls','_3.xls','0','0','0','0' ,'0','0'),
(00011139,'Лавренко Оля', 'Лавренко Оля                                                                                        ','  .  .  ',00002,'lavrenko       ','MC6V3PEW  ','  .  .  ','9234800532','','olg.lavrenko2011@yandex.ru              ','lavrenko_1.xls','lavrenko_2.xls','lavrenko_3.xls','0','0','0','0' ,'0','0'),
(00111344,'Машкова Евгения Владимировна', 'Машкова Евгения Владимировна                                                                        ','  .  .  ',00002,'Mashkova       ','W7M3C8YA  ','  .  .  ','+79089540250','','                                        ','Mashkova_1.xls','Mashkova_2.xls','Mashkova_3.xls','0','0','0','0' ,'0','0'),
(00111438,'Мельникова Наталья Николаевна', 'Мельникова Наталья Николаевна                                                                       ','  .  .  ',00002,'               ','          ','  .  .  ','+79039430011     0551630717','','                                        ','_1.xls','_2.xls','_3.xls','0','0','0','0' ,'0','0'),
(00011130,'Ожга Ольга Николаевна', 'Ожга Ольга Николаевна                                                                               ','08.08.65',00002,'ozhga          ','Q009277J  ','  .  .  ','89134385658','','olga.ozhga@mail.ru                      ','ozhga_1.xls','ozhga_2.xls','ozhga_3.xls','1','0','0','0' ,'0','0'),
(00111398,'Окружко Евгения', 'Окружко Евгения                                                                                     ','  .  .  ',00002,'               ','          ','  .  .  ','+79049628691','','                                        ','_1.xls','_2.xls','_3.xls','0','0','0','0' ,'0','0'),
(00111412,'Хрипунов Дмитрий Иванович', 'Хрипунов Дмитрий Иванович                                                                           ','  .  .  ',00002,'               ','          ','  .  .  ','+79030716027','','                                        ','_1.xls','_2.xls','_3.xls','0','0','0','0' ,'0','0'),
(00111304,'Юнникова Лариса', 'Юнникова Лариса                                                                                     ','25.03.69',00002,'               ','          ','  .  .  ','89515966365','','                                        ','_1.xls','_2.xls','_3.xls','0','0','0','0' ,'0','0'),
(00111319,'Ядрышникова Елена Викторовна', 'Ядрышникова Елена Викторовна                                                                        ','15.11.80',00002,'               ','          ','  .  .  ','','','                                        ','_1.xls','_2.xls','_3.xls','0','0','0','0' ,'0','0'),
(00111339,'Щадричева Ирина Васильевна', 'Щадричева Ирина Васильевна                                                                          ','  .  .  ',00002,'               ','          ','  .  .  ','89051273635','','                                        ','_1.xls','_2.xls','_3.xls','0','0','0','0' ,'0','0'),
(00001134,'Белова Елена', 'Белова Елена                                                                                        ','  .  .  ',00002,'               ','          ','  .  .  ','89128294751','','                                        ','_1.xls','_2.xls','_3.xls','0','0','0','0' ,'0','0'),
(00111448,'Керимова Улара', 'Керимова Улара                                                                                      ','  .  .  ',00002,'               ','          ','  .  .  ','+7615663777','','                                        ','_1.xls','_2.xls','_3.xls','0','0','0','0' ,'0','0'),
(00111277,'Тунгусова Елена', 'Тунгусова Елена                                                                                     ','  .  .  ',00002,'               ','          ','  .  .  ','+7 923 473 25 05','','                                        ','_1.xls','_2.xls','_3.xls','0','0','0','0' ,'0','0'),
(00111232,'Рафикова Лариса Рафизовна', 'Рафикова Лариса Рафизовна                                                                           ','  .  .  ',00002,'               ','          ','  .  .  ','+7 904 459 66 62','','                                        ','_1.xls','_2.xls','_3.xls','0','0','0','0' ,'0','0'),
(00111348,'Аванесова Оксана', 'Аванесова Оксана                                                                                    ','  .  .  ',00002,'               ','          ','  .  .  ','0509673617','','oksana.avanesova.80@mail.ru             ','_1.xls','_2.xls','_3.xls','0','0','0','0' ,'0','0'),
(00000023,'Пасхалова Илона', 'Пасхалова Илона                                                                                     ','  .  .  ',00004,'pashalova      ','SS48H4D2  ','  .  .  ','+7 918 63 43 179        +7 918 45 72 238','','                                        ','pashalova_1.xls','pashalova_2.xls','pashalova_3.xls','0','0','0','0' ,'0','0'),
(00000099,'Арстанбекова Назира', ' Арстанбекова Назира                                                                                ','  .  .  ',00002,'               ','          ','  .  .  ','89607591929  Руслан  Назира','','                                        ','_1.xls','_2.xls','_3.xls','0','0','0','0' ,'0','0'),
(00000030,'Асангазиева Венера Мамыткановна', 'Асангазиева Венера Мамыткановна                                                                     ','  .  .  ',00002,'               ','          ','  .  .  ','+79069740596    79607650449','','                                        ','_1.xls','_2.xls','_3.xls','0','0','0','0' ,'0','0'),
(00111399,'Ефимова Ольга Васильевна', 'Ефимова Ольга Васильевна                                                                            ','  .  .  ',00002,'               ','          ','  .  .  ','','','                                        ','_1.xls','_2.xls','_3.xls','0','0','0','0' ,'0','0'),
(00111427,'Исаметова Наталья', 'Исаметова Наталья                                                                                   ','  .  .  ',00002,'               ','          ','  .  .  ','+79135576828','','                                        ','_1.xls','_2.xls','_3.xls','0','0','0','0' ,'0','0'),
(00111146,'Кадыркулова Катя', 'Кадыркулова Катя                                                                                    ','  .  .  ',00002,'               ','          ','  .  .  ','89069109194','','                                        ','_1.xls','_2.xls','_3.xls','0','0','0','0' ,'0','0'),
(00111147,'Кондрашевна Марина Акимовна', 'Кондрашевна Марина Акимовна                                                                         ','  .  .  ',00002,'Kondrashina    ','S69285QH  ','  .  .  ','89503043535','','                                        ','Kondrashina_1.xls','Kondrashina_2.xls','Kondrashina_3.xls','0','0','0','0' ,'0','0'),
(00011118,'Крегер Наталья', 'Крегер Наталья                                                                                      ','13.08.66',00002,'kreger         ','10AU3AF1  ','  .  .  ','+79504085726','','surivvirus@mail.ru                      ','kreger_1.xls','kreger_2.xls','kreger_3.xls','0','0','0','0' ,'0','0'),
(00111455,'Курганова Ольга', 'Курганова Ольга                                                                                     ','  .  .  ',00002,'               ','          ','  .  .  ','+79642138134','','                                        ','_1.xls','_2.xls','_3.xls','0','0','0','0' ,'0','0'),
(00001121,'Мойдунова Насипа', 'Мойдунова Насипа                                                                                    ','  .  .  ',00002,'               ','          ','  .  .  ','89232857563','','                                        ','_1.xls','_2.xls','_3.xls','0','0','0','0' ,'0','0'),
(00000045,'Саша', 'Саша                                                                                                ','  .  .  ',00002,'               ','          ','  .  .  ','','','                                        ','_1.xls','_2.xls','_3.xls','0','0','0','0' ,'0','0'),
(00111184,'Свечкарева Ирина', 'Свечкарева Ирина                                                                                    ','  .  .  ',00002,'               ','          ','  .  .  ','89135387285','','                                        ','_1.xls','_2.xls','_3.xls','0','0','0','0' ,'0','0'),
(00111239,'Строкова Нина Григорьевна', 'Строкова Нина Григорьевна                                                                           ','  .  .  ',00002,'Strokova       ','3757S24Q  ','  .  .  ','+7 913 517 79 87','','                                        ','Strokova_1.xls','Strokova_2.xls','Strokova_3.xls','0','0','0','0' ,'0','0'),
(00111285,'Сухих Любовь Михайловна', 'Сухих Любовь Михайловна                                                                             ','30.10.53',00002,'               ','          ','  .  .  ','89135840212','','                                        ','_1.xls','_2.xls','_3.xls','0','0','0','0' ,'0','0'),
(00111284,'Федорова  Наталья Степанова', 'Федорова Наталья Степанова                                                                          ','13.08.66',00002,'Fedorova       ','H2F810AU  ','  .  .  ','+79082226671','','nataliia-fiedorova@mail.ru              ','Fedorova_1.xls','Fedorova_2.xls','Fedorova_3.xls','0','0','0','0' ,'0','0'),
(00111159,'Дедкова Ольга Александровна', 'Дедкова Ольга Александровна                                                                         ','  .  .  ',00002,'               ','          ','  .  .  ','89615713537','','                                        ','_1.xls','_2.xls','_3.xls','0','0','0','0' ,'0','0'),
(00111160,'Загоровская Наталья Павловна', 'Загоровская Наталья Павловна                                                                        ','  .  .  ',00002,'               ','          ','  .  .  ','89195606119','','                                        ','_1.xls','_2.xls','_3.xls','0','0','0','0' ,'0','0'),
(00111377,'Мурат уулу Тынчтык', '                                                                                                    ','  .  .  ',00002,'               ','          ','  .  .  ','0707077531','','                                        ','_1.xls','_2.xls','_3.xls','0','0','0','0' ,'0','0'),
(00000124,'Айнаш', 'Айнаш                                                                                               ','  .  .  ',00002,'               ','          ','  .  .  ','','','                                        ','_1.xls','_2.xls','_3.xls','0','0','0','0' ,'0','0'),
(00011129,'Борисова Тамара Петровна', 'Борисова Тамара Петровна                                                                            ','  .  .  ',00002,'               ','          ','  .  .  ','+77055622543   +79538228195','','                                        ','_1.xls','_2.xls','_3.xls','0','0','0','0' ,'0','0'),
(00111421,'Букенова Раушан', 'Букенова Раушан                                                                                     ','  .  .  ',00002,'               ','          ','  .  .  ','+77054560497','','                                        ','_1.xls','_2.xls','_3.xls','0','0','0','0' ,'0','0'),
(00000060,'Гопп Наталья', 'Гопп Наталья                                                                                        ','  .  .  ',00002,'               ','          ','  .  .  ','+77027743358','','                                        ','_1.xls','_2.xls','_3.xls','0','0','0','0' ,'0','0'),
(00111274,'Далаева Роза', 'Далаева Роза                                                                                        ','  .  .  ',00002,'               ','          ','  .  .  ','+7 701 329 19 01','','                                        ','_1.xls','_2.xls','_3.xls','0','0','0','0' ,'0','0'),
(00111452,'Дрозд Светлана', 'Дрозд Светлана                                                                                      ','  .  .  ',00002,'               ','          ','  .  .  ','87774472050','','                                        ','_1.xls','_2.xls','_3.xls','0','0','0','0' ,'0','0'),
(00001119,'Духно Ольга', 'Духно Ольга                                                                                         ','  .  .  ',00002,'               ','          ','  .  .  ','87772956341','','Pumpa1998@mail.ru                       ','_1.xls','_2.xls','_3.xls','0','0','0','0' ,'0','0'),
(00111413,'Евтушенко Жанна', 'Евтушенко Жанна                                                                                     ','  .  .  ',00002,'               ','          ','  .  .  ','+777059016253','','                                        ','_1.xls','_2.xls','_3.xls','0','0','0','0' ,'0','0'),
(00111238,'Жусупова Венера', 'Жусупова Венера                                                                                     ','  .  .  ',00002,'               ','          ','  .  .  ','+7 777 508 45 99','','                                        ','_1.xls','_2.xls','_3.xls','0','0','0','0' ,'0','0'),
(00011140,'Каирбекова Надежда', 'Каирбекова Надежда                                                                                  ','  .  .  ',00002,'               ','          ','  .  .  ','7776358135','','                                        ','_1.xls','_2.xls','_3.xls','0','0','0','0' ,'0','0'),
(00111384,'Нонна', 'Нонна                                                                                               ','  .  .  ',00002,'               ','          ','  .  .  ','007777595720','','                                        ','_1.xls','_2.xls','_3.xls','0','0','0','0' ,'0','0'),
(00111388,'Раимбекова Элина', 'Раимбекова Элина                                                                                    ','  .  .  ',00002,'               ','          ','  .  .  ','007789336015','','                                        ','_1.xls','_2.xls','_3.xls','0','0','0','0' ,'0','0'),
(00111403,'Фомина Ольга', 'Фомина Ольга                                                                                        ','  .  .  ',00002,'               ','          ','  .  .  ','','','                                        ','_1.xls','_2.xls','_3.xls','0','0','0','0' ,'0','0'),
(00111466,'Динара', 'Динара                                                                                              ','  .  .  ',00004,'               ','          ','  .  .  ','+77753224338','','                                        ','_1.xls','_2.xls','_3.xls','0','0','0','0' ,'0','0'),
(00111440,'Зимонина Елена Вячеславовна', 'Зимонина Елена Вячеславовна                                                                         ','  .  .  ',00002,'               ','          ','  .  .  ','+79835933519    +79233902321','','                                        ','_1.xls','_2.xls','_3.xls','0','0','0','0' ,'0','0'),
(00000095,'Павлова Наталья', 'Павлова Наталья                                                                                     ','  .  .  ',00002,'               ','          ','  .  .  ','89133505300','','natali.ru.@mail.ru                      ','_1.xls','_2.xls','_3.xls','0','0','0','0' ,'0','0'),
(00111265,'Юсупова Людмила', 'Юсупова Людмила                                                                                     ','  .  .  ',00002,'               ','          ','  .  .  ','+7 903 699 20 16','','                                        ','_1.xls','_2.xls','_3.xls','0','0','0','0' ,'0','0'),
(00111379,'Нуридин', 'Нуридин                                                                                             ','  .  .  ',00002,'               ','          ','  .  .  ','0079080652020','','                                        ','_1.xls','_2.xls','_3.xls','0','0','0','0' ,'0','0'),
(00111241,'Берестова Елена', 'Берестова Елена                                                                                     ','  .  .  ',00002,'               ','          ','  .  .  ','+7 908 58 49 933','','beres-ev@mail.ru                        ','_1.xls','_2.xls','_3.xls','0','0','0','0' ,'0','0'),
(00111353,'Катипова Наталья Владимировна', 'Катипова Наталья Владимировна ????                                                                  ','02.12.64',00002,'               ','          ','  .  .  ','89049749073','','                                        ','_1.xls','_2.xls','_3.xls','0','0','0','0' ,'0','0'),
(00111287,'Абдырай кызы Рахатай', 'Абдырай кызы Рахатай                                                                                ','30.10.78',00002,'               ','          ','  .  .  ','+79032546090 и 0702635627','','                                        ','_1.xls','_2.xls','_3.xls','0','0','0','0' ,'0','0'),
(00111320,'Акматова Гульмира Эгембердиевна', 'Акматова Гульмира Эгембердиевна                                                                     ','  .  .  ',00002,'               ','          ','  .  .  ','9269349696 0777339719','','                                        ','_1.xls','_2.xls','_3.xls','0','0','0','0' ,'0','0'),
(00111240,'Белова Е.', 'Белова Елена                                                                                        ','06.09.79',00002,'belova         ','          ','  .  .  ','Белова Елена','','imperator-200736@yandex.ru              ','belova_1.xls','belova_2.xls','belova_3.xls','1','0','0','0' ,'0','0'),
(00111366,'Гуля (Москва) (Саттарова Угулхон)', 'Гуля (Москва)                                                                                       ','  .  .  ',00002,'               ','          ','  .  .  ','89256716889, 0705888025','','                                        ','_1.xls','_2.xls','_3.xls','0','0','0','0' ,'0','0'),
(00111357,'Дамира (Гуля)', 'Дамира (Гуля)                                                                                       ','  .  .  ',00002,'               ','          ','  .  .  ','0550977160','','                                        ','_1.xls','_2.xls','_3.xls','0','0','0','0' ,'0','0'),
(00000026,'Лазарев Леонид', 'Лазарев Леонид                                                                                      ','  .  .  ',00002,'lazarev        ','222LS9XO  ','  .  .  ','0555322288  Юля     0555006177 Ашот','','                                        ','lazarev_1.xls','lazarev_2.xls','lazarev_3.xls','0','0','0','0' ,'0','0'),
(00000128,'Людмила Петровна', 'Людмила Петровна                                                                                    ','  .  .  ',00002,'               ','          ','  .  .  ','','','                                        ','_1.xls','_2.xls','_3.xls','0','0','0','0' ,'0','0'),
(00111463,'Максименко Максим Вадимович', '                                                                                                    ','  .  .  ',00004,'               ','          ','  .  .  ','','','                                        ','_1.xls','_2.xls','_3.xls','0','0','0','0' ,'0','0'),
(00111329,'Никонов Максим Олегович', 'Никонов Максим Олегович                                                                             ','  .  .  ',00002,'Nikonov        ','EPGANPW7  ','  .  .  ','8 909 977 41 41','','maks_nikonovf30@mail.ru                 ','Nikonov_1.xls','Nikonov_2.xls','Nikonov_3.xls','0','0','0','0' ,'0','0'),
(00111136,'Сатыбалдиева Мира Тагашбаевна', 'Сатыбалдиева Мира Тагашбаевна                                                                       ','  .  .  ',00004,'               ','          ','  .  .  ','0700958346 Бакыт     +79266240809','','                                        ','_1.xls','_2.xls','_3.xls','0','0','0','0' ,'0','0'),
(00111418,'Семина Мария', 'Семина Мария                                                                                        ','  .  .  ',00002,'               ','          ','  .  .  ','+79035649369','','                                        ','_1.xls','_2.xls','_3.xls','0','0','0','0' ,'0','0'),
(00111363,'Шайлиев Фархат', 'Шайлиев Фархат                                                                                      ','  .  .  ',00002,'               ','          ','  .  .  ','9670557037','','                                        ','_1.xls','_2.xls','_3.xls','0','0','0','0' ,'0','0'),
(00111305,'Шаров Константин Валерьевич', 'Шаров Константин Валерьевич                                                                         ','  .  .  ',00002,'               ','          ','  .  .  ','','','                                        ','_1.xls','_2.xls','_3.xls','0','0','0','0' ,'0','0'),
(00111290,'Шумилова Кристина Юрьевна', 'Шумилова Кристина Юрьевна                                                                           ','  .  .  ',00002,'               ','          ','  .  .  ','89276213787','','                                        ','_1.xls','_2.xls','_3.xls','0','0','0','0' ,'0','0'),
(00111323,'Юнусов Аваз Юнусович', 'Юнусов Аваз Юнусович                                                                                ','  .  .  ',00002,'               ','          ','  .  .  ','+89160760606','','un-il@mail.ru                           ','_1.xls','_2.xls','_3.xls','0','0','0','0' ,'0','0'),
(00111243,'Фролова Галина Григорьевна', 'Фролова Галина Григорьевна                                                                          ','  .  .  ',00002,'               ','          ','  .  .  ','+7 913 509 77 84','','                                        ','_1.xls','_2.xls','_3.xls','0','0','0','0' ,'0','0'),
(00111162,'Токтогулова Айгуль', 'Токтогулова Айгуль                                                                                  ','  .  .  ',00002,'               ','          ','  .  .  ','89125121508','','                                        ','_1.xls','_2.xls','_3.xls','0','0','0','0' ,'0','0'),
(00111387,'Семенова Лариса Геннадьевна', 'Семенова Лариса Геннадьевна                                                                         ','  .  .  ',00002,'               ','          ','  .  .  ','0079601686067','','                                        ','_1.xls','_2.xls','_3.xls','0','0','0','0' ,'0','0'),
(00111411,'Шалашова Ирина Владимировна', 'Шалашова Ирина Владимировна                                                                         ','  .  .  ',00002,'               ','          ','  .  .  ','+79616354409','','                                        ','_1.xls','_2.xls','_3.xls','0','0','0','0' ,'0','0'),
(00111437,'Нефедьева Елена', 'Нефедьева Елена                                                                                     ','  .  .  ',00002,'               ','          ','  .  .  ','+79126950991','','                                        ','_1.xls','_2.xls','_3.xls','0','0','0','0' ,'0','0'),
(00001123,'Винокурова Надежда Витальевна', 'Винокурова Надежда Витальевна                                                                       ','  .  .  ',00002,'               ','          ','  .  .  ','89221345977','','                                        ','_1.xls','_2.xls','_3.xls','0','0','0','0' ,'0','0'),
(00111302,'Дробышева Зинаида Ивановна', 'Дробышева Зинаида Ивановна                                                                          ','15.01.60',00002,'               ','          ','  .  .  ','','','                                        ','_1.xls','_2.xls','_3.xls','0','0','0','0' ,'0','0'),
(00111395,'Камчыбеков Таштан', 'Камчыбеков Таштан                                                                                   ','  .  .  ',00002,'               ','          ','  .  .  ','+79832217307','','                                        ','_1.xls','_2.xls','_3.xls','0','0','0','0' ,'0','0'),
(00000028,'Лебедь Ирина Юрьевна', 'Лебедь Ирина Юрьевна                                                                                ','  .  .  ',00002,'lebed          ','S5395M8T  ','  .  .  ','+79131364595     +79505810003','','lebed_irina_eva@mail.ru                 ','lebed_1.xls','lebed_2.xls','lebed_3.xls','1','0','0','0' ,'0','0'),
(00111137,'Мамытова Соня', 'Мамытова Соня                                                                                       ','  .  .  ',00002,'               ','          ','  .  .  ','89505832569','','                                        ','_1.xls','_2.xls','_3.xls','0','0','0','0' ,'0','0'),
(00111246,'Менеева Наталья', 'Менеева Наталья                                                                                     ','  .  .  ',00002,'Mineeva        ','Y1KS2KS5  ','  .  .  ','+7 913 412 10 48','','                                        ','Mineeva_1.xls','Mineeva_2.xls','Mineeva_3.xls','0','0','0','0' ,'0','0'),
(00000129,'Павлова Татьяна Юрьевна', 'Павлова Татьяна Юрьевна                                                                             ','12.01.74',00002,'pavlova        ','66205A6X  ','  .  .  ','+79131363071','','td_bembi@mail.ru                        ','pavlova_1.xls','pavlova_2.xls','pavlova_3.xls','0','0','0','0' ,'0','0'),
(00111157,'Рыбенко Оксана', 'Рыбенко Оксана                                                                                      ','  .  .  ',00002,'               ','          ','  .  .  ','89133373529','','                                        ','_1.xls','_2.xls','_3.xls','0','0','0','0' ,'0','0'),
(00111401,'Ахметов Шарип', 'Ахметов Шарип                                                                                       ','  .  .  ',00002,'               ','          ','  .  .  ','+79607974774','','                                        ','_1.xls','_2.xls','_3.xls','0','0','0','0' ,'0','0'),
(00111351,'Бондаренко Вероника Анатольевна', 'Бондаренко Вероника Анатольевна                                                                     ','  .  .  ',00002,'               ','          ','  .  .  ','89139130736','','veronika0982010@mail.ru                 ','_1.xls','_2.xls','_3.xls','0','0','0','0' ,'0','0'),
(00111321,'Бочарова Наталья', 'Бочарова Наталья                                                                                    ','  .  .  ',00002,'Bocharova      ','          ','  .  .  ','8 913 737 13 13','',' stsbnm@mail.ru                         ','Bocharova_1.xls','Bocharova_2.xls','Bocharova_3.xls','0','0','0','0' ,'0','0'),
(00111164,'Конева Наталья', 'Конева Наталья                                                                                      ','  .  .  ',00002,'               ','          ','  .  .  ','89132979445','','                                        ','_1.xls','_2.xls','_3.xls','0','0','0','0' ,'0','0'),
(00111435,'Лисина Светлана', 'Лисина Светлана                                                                                     ','  .  .  ',00002,'               ','          ','  .  .  ','+79612249001','','                                        ','_1.xls','_2.xls','_3.xls','0','0','0','0' ,'0','0'),
(00111416,'Мамедова Оксана', 'Мамедова Оксана                                                                                     ','  .  .  ',00002,'               ','          ','  .  .  ','+79231377858','','                                        ','_1.xls','_2.xls','_3.xls','0','0','0','0' ,'0','0'),
(00111200,'Маркова Оксана', 'Маркова Оксана                                                                                      ','  .  .  ',00002,'               ','          ','  .  .  ','89069789233','','                                        ','_1.xls','_2.xls','_3.xls','0','0','0','0' ,'0','0'),
(00111209,'Михайлова Анна Ивановна', 'Михайлова Анна Ивановна                                                                             ','  .  .  ',00002,'               ','          ','  .  .  ','+7 961 220 11 18','','                                        ','_1.xls','_2.xls','_3.xls','0','0','0','0' ,'0','0'),
(00000007,'Наталич Светлана Петровна', 'Наталич Светлана Петровна                                                                           ','  .  .  ',00004,'natalich       ','503Z7SA2  ','  .  .  ','+79139504192','','sveta121274@mail.ru                     ','natalich_1.xls','natalich_2.xls','natalich_3.xls','1','0','0','0' ,'0','0'),
(00111222,'Савенкова Анна Ивановна', 'Савенкова Анна Ивановна                                                                             ','06.10.60',00002,'SAVENKOVA      ','0DC2ALY5  ','  .  .  ','+7 903 903 38 28      +7960 799 53 15','','Anyansk@ngs.ru                          ','SAVENKOVA_1.xls','SAVENKOVA_2.xls','SAVENKOVA_3.xls','1','0','0','0' ,'0','0'),
(00111335,'Саттарова Жумабубу', 'Саттарова Жумабубу                                                                                  ','  .  .  ',00002,'               ','          ','  .  .  ','+7953 886 79 98   0707645201','','                                        ','_1.xls','_2.xls','_3.xls','0','0','0','0' ,'0','0'),
(00000123,'Уренбаева Елена Николаевна', 'Уренбаева Елена Николаевна                                                                          ','  .  .  ',00002,'               ','          ','  .  .  ','+79139132420','','eprokopenkova00@mail.ru                 ','_1.xls','_2.xls','_3.xls','0','0','0','0' ,'0','0'),
(00111223,'Хотькова Евгения Федоровна', 'Хотькова Евгения Федоровна                                                                          ','  .  .  ',00002,'               ','          ','  .  .  ','+7 913 932 72 20','','                                        ','_1.xls','_2.xls','_3.xls','0','0','0','0' ,'0','0'),
(00111191,'Чумакова Татьяна Ивановна', 'Чумакова Татьяна Ивановна                                                                           ','  .  .  ',00002,'               ','          ','  .  .  ','+79832497752','','tanyachumakova3013@mail.ru              ','_1.xls','_2.xls','_3.xls','0','0','0','0' ,'0','0'),
(00000011,'Борисова Наталья Валентиновна', 'Борисова Наталья Валентиновна                                                                       ','  .  .  ',00002,'borisova       ','S5F9RMDL  ','  .  .  ','+79615508174     +79292555122','','                                        ','borisova_1.xls','borisova_2.xls','borisova_3.xls','1','0','0','0' ,'0','0'),
(00111226,'Абрамовских Ольга', 'Абрамовских Ольга                                                                                   ','  .  .  ',00002,'               ','          ','  .  .  ','+7 923 506 27 96','','                                        ','_1.xls','_2.xls','_3.xls','0','0','0','0' ,'0','0'),
(00001126,'Белявская Наталья', 'Белявская Наталья                                                                                   ','  .  .  ',00002,'               ','          ','  .  .  ','89081152025','','                                        ','_1.xls','_2.xls','_3.xls','0','0','0','0' ,'0','0'),
(00000009,'Варламова Елена', 'Варламова Елена                                                                                     ','  .  .  ',00002,'varlamova      ','0Z3VJ92E  ','  .  .  ','0073812365750   0079069919778  0079659838899','','                                        ','varlamova_1.xls','varlamova_2.xls','varlamova_3.xls','0','0','0','0' ,'0','0'),
(00111194,'Дюндик Марина Васильевна', 'Дюндик Марина Васильевна                                                                            ','  .  .  ',00002,'Dundik         ','E63M2ZZT  ','  .  .  ','89043239064','','dundik_omsk@mail.ru                     ','Dundik_1.xls','Dundik_2.xls','Dundik_3.xls','0','0','0','0' ,'0','0'),
(00111359,'Касаткина Лена', 'Касаткина Лена                                                                                      ','  .  .  ',00002,'               ','          ','  .  .  ','+89514107316','','e.Kasatkina@bk.ru                       ','_1.xls','_2.xls','_3.xls','0','0','0','0' ,'0','0'),
(00000125,'Кудряшова Наталья Ивановна', 'Кудряшова Наталья Ивановна                                                                          ','  .  .  ',00002,'               ','          ','  .  .  ','79083115075','','                                        ','_1.xls','_2.xls','_3.xls','0','0','0','0' ,'0','0'),
(00000096,'Курносова Арина', 'Курносова Арина                                                                                     ','  .  .  ',00002,'               ','          ','  .  .  ','89507993335','','kpmail00@qmail.com                      ','_1.xls','_2.xls','_3.xls','0','0','0','0' ,'0','0'),
(00111346,'Макарова Е.А.', 'Макарова Елена Анатольевна                                                                          ','  .  .  ',00002,'               ','          ','  .  .  ','+79136658018','','                                        ','_1.xls','_2.xls','_3.xls','0','0','0','0' ,'0','0'),
(00111225,'Машкова Евгения', 'Машкова Евгения                                                                                     ','  .  .  ',00002,'               ','          ','  .  .  ','+7 908 954 0250','','                                        ','_1.xls','_2.xls','_3.xls','0','0','0','0' ,'0','0'),
(00111275,'Мерко Галина', 'Мерко Галина                                                                                        ','  .  .  ',00002,'               ','          ','  .  .  ','+7 908 792 24 32','','                                        ','_1.xls','_2.xls','_3.xls','0','0','0','0' ,'0','0'),
(00000046,'Наташа', 'Наташа                                                                                              ','  .  .  ',00002,'               ','          ','  .  .  ','89081152025','','                                        ','_1.xls','_2.xls','_3.xls','0','0','0','0' ,'0','0'),
(00111255,'Перфельева Татьяна Владимировна', 'Перфельева Татьяна Владимировна                                                                     ','  .  .  ',00002,'               ','          ','  .  .  ','+7 913 988 29 77','','                                        ','_1.xls','_2.xls','_3.xls','0','0','0','0' ,'0','0'),
(00001120,'Пестеха Алсу', 'Пестеха Алсу                                                                                        ','  .  .  ',00002,'               ','          ','  .  .  ','89514072887','','                                        ','_1.xls','_2.xls','_3.xls','0','0','0','0' ,'0','0'),
(00111291,'Пивоварчик Галина', 'Пивоварчик Галина                                                                                   ','  .  .  ',00002,'               ','          ','  .  .  ','','','                                        ','_1.xls','_2.xls','_3.xls','0','0','0','0' ,'0','0'),
(00000019,'Пикалина Татьяна Анатольевна', 'Пикалина Татьяна Анатольевна                                                                        ','  .  .  ',00002,'pinalina       ','5C3619MZ  ','  .  .  ','+79139723734   +73812680200','','                                        ','pinalina_1.xls','pinalina_2.xls','pinalina_3.xls','0','0','0','0' ,'0','0'),
(00111236,'Полятыкина Елизовета', 'Полятыкина Елизовета                                                                                ','  .  .  ',00002,'               ','          ','  .  .  ','+7 913 668 31 82','','                                        ','_1.xls','_2.xls','_3.xls','0','0','0','0' ,'0','0'),
(00111205,'Ромазанова Елена', 'Ромазанова Елена                                                                                    ','  .  .  ',00002,'               ','          ','  .  .  ','89040799363','','                                        ','_1.xls','_2.xls','_3.xls','0','0','0','0' ,'0','0'),
(00111286,'РябцеваТатьяна Григорьевна', 'РябцеваТатьяна Григорьевна                                                                          ','22.02.77',00002,'               ','          ','  .  .  ','89514159004','','                                        ','_1.xls','_2.xls','_3.xls','0','0','0','0' ,'0','0'),
(00000083,'Усова Надя   Женя', 'Усова Надя   Женя                                                                                   ','  .  .  ',00002,'               ','          ','  .  .  ','89087975485','','                                        ','_1.xls','_2.xls','_3.xls','0','0','0','0' ,'0','0'),
(00111447,'Юлия', 'Юлия                                                                                                ','  .  .  ',00002,'               ','          ','  .  .  ','+79533920079','','                                        ','_1.xls','_2.xls','_3.xls','0','0','0','0' ,'0','0'),
(00111180,'Орехова Людмила', 'Орехова Людмила                                                                                     ','  .  .  ',00002,'               ','          ','  .  .  ','89059398571','','                                        ','_1.xls','_2.xls','_3.xls','0','0','0','0' ,'0','0'),
(00111396,'Ашикбаева Агайша Такановна', 'Ашикбаева Агайша Такановна                                                                          ','  .  .  ',00002,'               ','          ','  .  .  ','+79226246389','','                                        ','_1.xls','_2.xls','_3.xls','0','0','0','0' ,'0','0'),
(00111163,'Бакирова Марина', 'Бакирова Марина                                                                                     ','  .  .  ',00002,'               ','          ','  .  .  ','89225398598','','                                        ','_1.xls','_2.xls','_3.xls','0','0','0','0' ,'0','0'),
(00111424,'Денисова Светлана Евгеньевна', 'Денисова Светлана Евгеньевна                                                                        ','  .  .  ',00002,'               ','          ','  .  .  ','','','                                        ','_1.xls','_2.xls','_3.xls','0','0','0','0' ,'0','0'),
(00111453,'Дусеналинова Алмагуль', 'Дусеналинова Алмагуль                                                                               ','  .  .  ',00002,'               ','          ','  .  .  ','+79878643508','','                                        ','_1.xls','_2.xls','_3.xls','0','0','0','0' ,'0','0'),
(00011135,'Дюшеева Минара', 'Дюшеева Минара                                                                                      ','  .  .  ',00002,'               ','          ','  .  .  ','89228177472','','                                        ','_1.xls','_2.xls','_3.xls','0','0','0','0' ,'0','0'),
(00111376,'Елена', 'Елена                                                                                               ','  .  .  ',00002,'               ','          ','  .  .  ','0079225442707','','                                        ','_1.xls','_2.xls','_3.xls','0','0','0','0' ,'0','0'),
(00111410,'Касымова Гуля', 'Касымова Гуля                                                                                       ','  .  .  ',00002,'               ','          ','  .  .  ','+79877976841','','                                        ','_1.xls','_2.xls','_3.xls','0','0','0','0' ,'0','0'),
(00111174,'Кривова Елена', 'Кривова Елена                                                                                       ','  .  .  ',00002,'               ','          ','  .  .  ','89058480375','','                                        ','_1.xls','_2.xls','_3.xls','0','0','0','0' ,'0','0'),
(00111394,'Носаева Татьяна', 'Носаева Татьяна                                                                                     ','  .  .  ',00002,'               ','          ','  .  .  ','+79228344944','','                                        ','_1.xls','_2.xls','_3.xls','0','0','0','0' ,'0','0'),
(00111300,'Пашкевичюс Елена', 'Пашкевичюс Елена                                                                                    ','11.07.65',00002,'pashkevichyus  ','1I7B8T99  ','  .  .  ','','','Ivan-oren@rambler.ru                    ','pashkevichyus_1.xls','pashkevichyus_2.xls','pashkevichyus_3.xls','0','0','0','0' ,'0','0'),
(00111423,'Стебунова Татьяна Ивановна', 'Стебунова Татьяна Ивановна                                                                          ','  .  .  ',00002,'               ','          ','  .  .  ','+79586703214','','                                        ','_1.xls','_2.xls','_3.xls','0','0','0','0' ,'0','0'),
(00011136,'Степанова Лена', 'Степанова Лена                                                                                      ','  .  .  ',00002,'               ','          ','  .  .  ','9033920463','','                                        ','_1.xls','_2.xls','_3.xls','0','0','0','0' ,'0','0'),
(00111414,'Толкачева Наталья', 'Толкачева Наталья                                                                                   ','  .  .  ',00002,'               ','          ','  .  .  ','+79228794185','','                                        ','_1.xls','_2.xls','_3.xls','0','0','0','0' ,'0','0'),
(00111434,'Февралева Айгуль', 'Февралева Айгуль                                                                                    ','  .  .  ',00002,'               ','          ','  .  .  ','+79058901860','','                                        ','_1.xls','_2.xls','_3.xls','0','0','0','0' ,'0','0'),
(00111426,'Хмелевских Ирина', 'Хмелевских Ирина                                                                                    ','  .  .  ',00002,'               ','          ','  .  .  ','','','                                        ','_1.xls','_2.xls','_3.xls','0','0','0','0' ,'0','0'),
(00111142,'Маликова Люся', 'Маликова Люся                                                                                       ','  .  .  ',00002,'               ','          ','  .  .  ','89058112100','','                                        ','_1.xls','_2.xls','_3.xls','0','0','0','0' ,'0','0'),
(00001129,'Шовкина Гуля', 'Шовкина Гуля                                                                                        ','  .  .  ',00002,'               ','          ','  .  .  ','89228121862','','                                        ','_1.xls','_2.xls','_3.xls','0','0','0','0' ,'0','0'),
(00111375,'Ирина', 'Ирина                                                                                               ','  .  .  ',00002,'               ','          ','  .  .  ','0077774105536','','                                        ','_1.xls','_2.xls','_3.xls','0','0','0','0' ,'0','0'),
(00111442,'Кондрашова Елена', 'Кондрашова Елена                                                                                    ','  .  .  ',00002,'               ','          ','  .  .  ','+77016193056','','                                        ','_1.xls','_2.xls','_3.xls','0','0','0','0' ,'0','0'),
(00111293,'Кузьмина Татьяна Генадьевна', 'Кузьмина Татьяна Генадьевна                                                                         ','13.11.79',00002,'               ','          ','  .  .  ','','','                                        ','_1.xls','_2.xls','_3.xls','0','0','0','0' ,'0','0'),
(00111296,'Смакотина Ольга Александровна', 'Смакотина Ольга Александровна                                                                       ','  .  .  ',00002,'               ','          ','  .  .  ','','','                                        ','_1.xls','_2.xls','_3.xls','0','0','0','0' ,'0','0'),
(00111257,'Сманкулова Толганай', 'Сманкулова Толганай                                                                                 ','  .  .  ',00002,'               ','          ','  .  .  ','+7 705 340 81 81','','                                        ','_1.xls','_2.xls','_3.xls','0','0','0','0' ,'0','0'),
(00111314,'Абросимова Елена', 'Абросимова Елена                                                                                    ','01.10.84',00002,'               ','          ','  .  .  ','','','                                        ','_1.xls','_2.xls','_3.xls','0','0','0','0' ,'0','0'),
(00111301,'Кучукбаева Рушана Нагимбаевна', 'Кучукбаева Рушана Нагимбаевна                                                                       ','20.02.75',00002,'               ','          ','  .  .  ','89048476873','','                                        ','_1.xls','_2.xls','_3.xls','0','0','0','0' ,'0','0'),
(00000056,'Осипова Медина', 'Осипова Медина                                                                                      ','  .  .  ',00002,'               ','          ','  .  .  ','0553777001   +7 912 229 88 03','','                                        ','_1.xls','_2.xls','_3.xls','0','0','0','0' ,'0','0'),
(00111273,'Рантулова Нурида', 'Рантулова Нурида                                                                                    ','  .  .  ',00002,'               ','          ','  .  .  ','+7 950 449 36 82','','                                        ','_1.xls','_2.xls','_3.xls','0','0','0','0' ,'0','0'),
(00011142,'Мельник Светлана', 'Мельник Светлана                                                                                    ','  .  .  ',00002,'               ','          ','  .  .  ','89535312455','','                                        ','_1.xls','_2.xls','_3.xls','0','0','0','0' ,'0','0'),
(00111408,'Есикова Елена', 'Есикова Елена                                                                                       ','  .  .  ',00002,'               ','          ','  .  .  ','','','                                        ','_1.xls','_2.xls','_3.xls','0','0','0','0' ,'0','0'),
(00111405,'Краснолутская Ирина', 'Краснолутская Ирина                                                                                 ','  .  .  ',00002,'               ','          ','  .  .  ','+77772345228','','                                        ','_1.xls','_2.xls','_3.xls','0','0','0','0' ,'0','0'),
(00111237,'Моисейченко Тамара', 'Моисейченко Тамара                                                                                  ','  .  .  ',00002,'               ','          ','  .  .  ','+7 777 324 79 13','','                                        ','_1.xls','_2.xls','_3.xls','0','0','0','0' ,'0','0'),
(00000116,'Оленник Наталья', 'Оленник Наталья                                                                                     ','  .  .  ',00002,'               ','          ','  .  .  ','','','                                        ','_1.xls','_2.xls','_3.xls','0','0','0','0' ,'0','0'),
(00111325,'Бурая Светлана Николаевна', 'Бурая Светлана Николаевна                                                                           ','  .  .  ',00002,'Buraya         ','04L96H3H  ','  .  .  ','+7(910)613-97-94','','buraya.s@inbox.ru                       ','Buraya_1.xls','Buraya_2.xls','Buraya_3.xls','0','0','0','0' ,'0','0'),
(00111406,'Заборовская Марина', 'Заборовская Марина                                                                                  ','  .  .  ',00002,'               ','          ','  .  .  ','+79034432631','','                                        ','_1.xls','_2.xls','_3.xls','0','0','0','0' ,'0','0'),
(00111373,'Зимерова Ирина', 'Зимерова Ирина                                                                                      ','  .  .  ',00002,'               ','          ','  .  .  ','0708744357','','                                        ','_1.xls','_2.xls','_3.xls','0','0','0','0' ,'0','0'),
(00111407,'Леонова Татьяна', 'Леонова Татьяна                                                                                     ','  .  .  ',00002,'               ','          ','  .  .  ','+79282651500','','                                        ','_1.xls','_2.xls','_3.xls','0','0','0','0' ,'0','0'),
(00111368,'Головко Светлана', 'Головко Светлана                                                                                    ','  .  .  ',00002,'               ','          ','  .  .  ','','','                                        ','_1.xls','_2.xls','_3.xls','0','0','0','0' ,'0','0'),
(00111422,'Землякова Людмила Викторовна', 'Землякова Людмила Викторовна                                                                        ','  .  .  ',00002,'               ','          ','  .  .  ','+79282960988','','                                        ','_1.xls','_2.xls','_3.xls','0','0','0','0' ,'0','0'),
(00111331,'Калабина Елена Николаевна', 'Калабина Елена Николаевна                                                                           ','19.01.76',00002,'               ','          ','  .  .  ','+79034354173','','                                        ','_1.xls','_2.xls','_3.xls','0','0','0','0' ,'0','0'),
(00111332,'Литуновская Людмила Валерьевна', 'Литуновская Людмила Валерьевна                                                                      ','20.07.68',00002,'               ','          ','  .  .  ','8 988 5453380','','                                        ','_1.xls','_2.xls','_3.xls','0','0','0','0' ,'0','0'),
(00111333,'Петрикина Алла Тимофеевна', 'Петрикина Алла Тимофеевна                                                                           ','  .  .  ',00002,'               ','          ','  .  .  ','+79281287393','','audipas@yandex.ru                       ','_1.xls','_2.xls','_3.xls','0','0','0','0' ,'0','0'),
(00111334,'Уфимцева Наталья Валентиновна', 'Уфимцева Наталья Валентиновна                                                                       ','11.12.62',00002,'               ','          ','  .  .  ','89281382845','','                                        ','_1.xls','_2.xls','_3.xls','0','0','0','0' ,'0','0'),
(00111383,'Ксения Васильевна', 'Ксения Васильевна                                                                                   ','  .  .  ',00002,'               ','          ','  .  .  ','0079897024215','','                                        ','_1.xls','_2.xls','_3.xls','0','0','0','0' ,'0','0'),
(00000073,'Беспалова Татьяна', 'Беспалова Татьяна                                                                                   ','  .  .  ',00002,'               ','          ','  .  .  ','89607881387','','                                        ','_1.xls','_2.xls','_3.xls','0','0','0','0' ,'0','0'),
(00111145,'Голубцова Александра Михайловна', 'Голубцова Александра Михайловна                                                                     ','  .  .  ',00002,'golubtsova     ','DC2ALY54  ','  .  .  ','+79095075412','','                                        ','golubtsova_1.xls','golubtsova_2.xls','golubtsova_3.xls','1','0','0','0' ,'0','0'),
(00111266,'Ивкина Наталья', 'Ивкина Наталья                                                                                      ','  .  .  ',00002,'               ','          ','  .  .  ','+7 906 945 96 02','','                                        ','_1.xls','_2.xls','_3.xls','0','0','0','0' ,'0','0'),
(00111208,'Козлова Светлана Дмитриевна', 'Козлова Светлана Дмитриевна                                                                         ','  .  .  ',00002,'               ','          ','  .  .  ','+7 923 654 50 10','','                                        ','_1.xls','_2.xls','_3.xls','0','0','0','0' ,'0','0'),
(00111140,'Колестратова Лиля Надя', 'Колестратова Лиля Надя                                                                              ','  .  .  ',00002,'Lili           ','          ','  .  .  ','9609604812','','                                        ','Lili_1.xls','Lili_2.xls','Lili_3.xls','1','0','0','0' ,'0','0'),
(00111144,'Лаврентьева Елена Николаевна', 'Лаврентьева Елена Николаевна                                                                        ','  .  .  ',00002,'               ','          ','  .  .  ','89130855080','','                                        ','_1.xls','_2.xls','_3.xls','0','0','0','0' ,'0','0'),
(00111188,'Меновщикова Наталья', 'Меновщикова Наталья                                                                                 ','  .  .  ',00002,'               ','          ','  .  .  ','89619866441','','                                        ','_1.xls','_2.xls','_3.xls','0','0','0','0' ,'0','0'),
(00111280,'Филинова Надежда', 'Филинова Надежда                                                                                    ','01.03.14',00002,'filinova       ','PJI9KOQM  ','  .  .  ','89609604812','','filinova.nadezda@yandex.ru              ','filinova_1.xls','filinova_2.xls','filinova_3.xls','1','0','0','0' ,'0','0'),
(00111473,'Роговская Татьяна', 'Роговская Татьяна                                                                                   ','  .  .  ',00002,'               ','          ','  .  .  ','+77773256270','','                                        ','_1.xls','_2.xls','_3.xls','0','0','0','0' ,'0','0'),
(00111168,'Якубина Надежда', 'Якубина Надежда                                                                                     ','  .  .  ',00002,'               ','          ','  .  .  ','87772684763   87786516607','','                                        ','_1.xls','_2.xls','_3.xls','0','0','0','0' ,'0','0'),
(00111229,'Исакова Айнура    Усеинова Анахан', 'Исакова Айнура    Усеинова Анахан                                                                   ','  .  .  ',00002,'               ','          ','  .  .  ','+7 992 018 42 52         0552 42 63 33','','                                        ','_1.xls','_2.xls','_3.xls','0','0','0','0' ,'0','0'),
(00001124,'Маразыкова Жыпаргуль Уланкадыровна _ЖЕНЯ_', 'Маразыкова Жыпаргуль Уланкадыровна _ЖЕНЯ_                                                           ','  .  .  ',00002,'               ','          ','  .  .  ','79879887162','','                                        ','_1.xls','_2.xls','_3.xls','0','0','0','0' ,'0','0'),
(00000077,'Саттарова Разия', 'Саттарова Разия                                                                                     ','  .  .  ',00002,'               ','          ','  .  .  ','553633553','','                                        ','_1.xls','_2.xls','_3.xls','0','0','0','0' ,'0','0'),
(00111367,'Ташалиева Адалат Базарбаевна', 'Ташалиева Адалат Базарбаевна                                                                        ','  .  .  ',00002,'               ','          ','  .  .  ','79608146961, 0779248796, 89377922775','','                                        ','_1.xls','_2.xls','_3.xls','0','0','0','0' ,'0','0'),
(00000034,'Коджакова Светлана', 'Коджакова Светлана                                                                                  ','  .  .  ',00002,'               ','          ','  .  .  ','+7 911 277 20 76      +7 92178 84 340','','                                        ','_1.xls','_2.xls','_3.xls','0','0','0','0' ,'0','0'),
(00111182,'Ниязова Нигора', 'Ниязова Нигора                                                                                      ','  .  .  ',00002,'               ','          ','  .  .  ','89226059574','','                                        ','_1.xls','_2.xls','_3.xls','0','0','0','0' ,'0','0'),
(00001139,'Иманова Жанна', 'Иманова Жанна                                                                                       ','  .  .  ',00002,'               ','          ','  .  .  ','89271121753','','                                        ','_1.xls','_2.xls','_3.xls','0','0','0','0' ,'0','0'),
(00111337,'Филиппова Марина', 'Филиппова Марина                                                                                    ','  .  .  ',00002,'               ','          ','  .  .  ','89276272857','','                                        ','_1.xls','_2.xls','_3.xls','0','0','0','0' ,'0','0'),
(00000044,'Карелова Вероника', 'Карелова Вероника                                                                                   ','  .  .  ',00002,'               ','          ','  .  .  ','+79831970754','','                                        ','_1.xls','_2.xls','_3.xls','0','0','0','0' ,'0','0'),
(00111355,'Синкина Тамара', 'Синкина Тамара                                                                                      ','  .  .  ',00002,'               ','          ','  .  .  ','89504865962','','                                        ','_1.xls','_2.xls','_3.xls','0','0','0','0' ,'0','0'),
(00111428,'Султаналиева Нургуль', 'Султаналиева Нургуль                                                                                ','  .  .  ',00002,'               ','          ','  .  .  ','0557503817','','                                        ','_1.xls','_2.xls','_3.xls','0','0','0','0' ,'0','0'),
(00011132,'Людмила', 'Людмила                                                                                             ','  .  .  ',00002,'               ','          ','  .  .  ','','','                                        ','_1.xls','_2.xls','_3.xls','0','0','0','0' ,'0','0'),
(00011133,'Садыкова Валима', 'Садыкова Валима                                                                                     ','  .  .  ',00002,'               ','          ','  .  .  ','','','                                        ','_1.xls','_2.xls','_3.xls','0','0','0','0' ,'0','0'),
(00000079,'Муругов Сергей', 'Муругов Сергей                                                                                      ','  .  .  ',00002,'               ','          ','  .  .  ','89222049264','','                                        ','_1.xls','_2.xls','_3.xls','0','0','0','0' ,'0','0'),
(00111169,'Кирьякова Анна', 'Кирьякова Анна                                                                                      ','  .  .  ',00002,'ANNA           ','TCC86E84  ','  .  .  ','','','                                        ','ANNA_1.xls','ANNA_2.xls','ANNA_3.xls','1','0','0','0' ,'0','0'),
(00111248,'Мальцева Ольга', 'Мальцева Ольга                                                                                      ','  .  .  ',00002,'               ','          ','  .  .  ','+7 913 826 37 22','','                                        ','_1.xls','_2.xls','_3.xls','0','0','0','0' ,'0','0'),
(00111263,'Барынбаев Асылбек', 'Барынбаев Асылбек                                                                                   ','  .  .  ',00002,'               ','          ','  .  .  ','+7 922 77 141 96','','                                        ','_1.xls','_2.xls','_3.xls','0','0','0','0' ,'0','0'),
(00111459,'Ашханова Гульнара', 'Ашханова Гульнара                                                                                   ','  .  .  ',00002,'               ','          ','  .  .  ','+777017125791','','                                        ','_1.xls','_2.xls','_3.xls','0','0','0','0' ,'0','0'),
(00111444,'Мырзамаматова Эмиля', 'Мырзамаматова Эмиля                                                                                 ','  .  .  ',00002,'               ','          ','  .  .  ','+77710351424','','                                        ','_1.xls','_2.xls','_3.xls','0','0','0','0' ,'0','0'),
(00111393,'Умбеталиева Галия', 'Умбеталиева Галия                                                                                   ','  .  .  ',00002,'               ','          ','  .  .  ','+77783377060','','                                        ','_1.xls','_2.xls','_3.xls','0','0','0','0' ,'0','0'),
(00111254,'Огаркова Татьяна Александровна', 'Огаркова Татьяна Александровна                                                                      ','  .  .  ',00002,'               ','          ','  .  .  ','+7 960 951 25 94','','                                        ','_1.xls','_2.xls','_3.xls','0','0','0','0' ,'0','0'),
(00111204,'Колегова Мария Георгиевна', 'Колегова Мария Георгиевна                                                                           ','  .  .  ',00002,'               ','          ','  .  .  ','89528036438','','                                        ','_1.xls','_2.xls','_3.xls','0','0','0','0' ,'0','0'),
(00000069,'Латышева Диана', 'Латышева Диана                                                                                      ','  .  .  ',00002,'               ','          ','  .  .  ','89627776888','','                                        ','_1.xls','_2.xls','_3.xls','0','0','0','0' ,'0','0'),
(00000126,'Меркелова Ирина', ' Меркелова Ирина                                                                                    ','  .  .  ',00002,'               ','          ','  .  .  ','89138070655','','                                        ','_1.xls','_2.xls','_3.xls','0','0','0','0' ,'0','0'),
(00111352,'Надворняк Марина', 'Надворняк Марина                                                                                    ','  .  .  ',00002,'               ','          ','  .  .  ','','','                                        ','_1.xls','_2.xls','_3.xls','0','0','0','0' ,'0','0'),
(00111356,'Никитина Галина', 'Никитина Галина                                                                                     ','  .  .  ',00002,'               ','          ','  .  .  ','','','                                        ','_1.xls','_2.xls','_3.xls','0','0','0','0' ,'0','0'),
(00000062,'Шмелева Елена', 'Шмелева Елена                                                                                       ','  .  .  ',00002,'               ','          ','  .  .  ','9528931389','','                                        ','_1.xls','_2.xls','_3.xls','0','0','0','0' ,'0','0'),
(00111198,'Боровик Валентина', 'Боровик Валентина                                                                                   ','  .  .  ',00002,'               ','          ','  .  .  ','89641029467','','                                        ','_1.xls','_2.xls','_3.xls','0','0','0','0' ,'0','0'),
(00000036,'Абдыкадырова Узбубу', 'Абдыкадырова Узбубу                                                                                 ','  .  .  ',00002,'               ','          ','  .  .  ','89088659628','','                                        ','_1.xls','_2.xls','_3.xls','0','0','0','0' ,'0','0'),
(00001125,'Алексеева Светлана Леонидовна', 'Алексеева Светлана Леонидовна                                                                       ','  .  .  ',00002,'               ','          ','  .  .  ','89044749712','','                                        ','_1.xls','_2.xls','_3.xls','0','0','0','0' ,'0','0'),
(00000127,'Балабанова Людмила', 'Балабанова Людмила                                                                                  ','  .  .  ',00002,'               ','          ','  .  .  ','89504889356','','                                        ','_1.xls','_2.xls','_3.xls','0','0','0','0' ,'0','0'),
(00111441,'Желтова Лариса Владимировна', '                                                                                                    ','  .  .  ',00002,'               ','          ','  .  .  ','+79129923369','','                                        ','_1.xls','_2.xls','_3.xls','0','0','0','0' ,'0','0'),
(00000119,'Пермякова Инга', 'Пермякова Инга                                                                                      ','29.06.82',00002,'permyakova     ','CA9X09W7  ','  .  .  ','+79091883343','','pim-82@mail.ru                          ','permyakova_1.xls','permyakova_2.xls','permyakova_3.xls','0','0','0','0' ,'0','0'),
(00111315,'Синкина Томара Васильевна', 'Синкина Томара Васильевна                                                                           ','  .  .  ',00002,'               ','          ','  .  .  ','','','                                        ','_1.xls','_2.xls','_3.xls','0','0','0','0' ,'0','0'),
(00111465,'Терехина Наталья', 'Терехина Наталья                                                                                    ','  .  .  ',00002,'               ','          ','  .  .  ','+79068214013','','                                        ','_1.xls','_2.xls','_3.xls','0','0','0','0' ,'0','0'),
(00111183,'Фишер Ирина', 'Фишер Ирина                                                                                         ','  .  .  ',00002,'               ','          ','  .  .  ','89028122889','','                                        ','_1.xls','_2.xls','_3.xls','0','0','0','0' ,'0','0'),
(00111235,'Халюк Светлана', 'Халюк Светлана                                                                                      ','  .  .  ',00002,'               ','          ','  .  .  ','','','                                        ','_1.xls','_2.xls','_3.xls','0','0','0','0' ,'0','0'),
(00000021,'Чуманова Галина Валентиновна', 'Чуманова Галина Валентиновна                                                                        ','21.01.89',00002,'chumanova      ','FI53VUSH  ','  .  .  ','+79129220897    +73452486','','chumanova89@mail.ru                     ','chumanova_1.xls','chumanova_2.xls','chumanova_3.xls','1','0','0','0' ,'0','0'),
(00111234,'Щербинина Люба', 'Щербинина Люба                                                                                      ','  .  .  ',00002,'               ','          ','  .  .  ','','','                                        ','_1.xls','_2.xls','_3.xls','0','0','0','0' ,'0','0'),
(00111451,'Бадмаева Аюна', 'Бадмаева Аюна                                                                                       ','  .  .  ',00002,'               ','          ','  .  .  ','+79911149155','','                                        ','_1.xls','_2.xls','_3.xls','0','0','0','0' ,'0','0'),
(00000018,'Иванова Лариса Павловна', 'Иванова Лариса Павловна                                                                             ','  .  .  ',00002,'ivanova        ','E9KZA17C  ','  .  .  ','83013875441   89149827444    550773499','','chayka6767@mail.ru                      ','ivanova_1.xls','ivanova_2.xls','ivanova_3.xls','1','0','0','0' ,'0','0'),
(00111294,'Корытова Кира', 'Корытова Кира                                                                                       ','  .  .  ',00002,'Kira           ','Z7Y6ACHS  ','  .  .  ','89244528464','','korytovavtorushina@mail.ru              ','Kira_1.xls','Kira_2.xls','Kira_3.xls','0','0','0','0' ,'0','0'),
(00111216,'Макарова Елена Александровна', 'Макарова Елена Александровна                                                                        ','09.09.73',00002,'Makarova       ','2KS55S4W  ','  .  .  ','89021627706,8(30145)41399','','celleron@yandex.ru                      ','Makarova_1.xls','Makarova_2.xls','Makarova_3.xls','1','0','0','0' ,'0','0'),
(00000109,'Махабул Мирзакаримова', 'Махабул Мирзакаримова                                                                               ','  .  .  ',00002,'               ','          ','  .  .  ','89148426588','','                                        ','_1.xls','_2.xls','_3.xls','0','0','0','0' ,'0','0'),
(00111328,'Теванюк Яна Сергеевна', 'Теванюк Яна Сергеевна                                                                               ','14.09.85',00002,'tevanyuk       ','PJI9KOQM  ','  .  .  ','+79246548084','','                                        ','tevanyuk_1.xls','tevanyuk_2.xls','tevanyuk_3.xls','0','0','0','0' ,'0','0'),
(00001137,'Фролова Олеся', 'Фролова Олеся                                                                                       ','  .  .  ',00002,'               ','          ','  .  .  ','89025638337','','frolovaolesya@mail.ru                   ','_1.xls','_2.xls','_3.xls','0','0','0','0' ,'0','0'),
(00111244,'Хлебникова Лариса', 'Хлебникова Лариса                                                                                   ','  .  .  ',00002,'               ','          ','  .  .  ','+7 902 56 33 928','','                                        ','_1.xls','_2.xls','_3.xls','0','0','0','0' ,'0','0'),
(00111318,'Аймукашева Динара Маликовна', 'Аймукашева Динара Маликовна                                                                         ','10.10.82',00002,'               ','          ','  .  .  ','','','                                        ','_1.xls','_2.xls','_3.xls','0','0','0','0' ,'0','0'),
(00111281,'Миргалиева  Ботагуль', 'Миргалиева  Ботагуль                                                                                ','  .  .  ',00002,'               ','          ','  .  .  ','+7 702 621 26 77','','                                        ','_1.xls','_2.xls','_3.xls','0','0','0','0' ,'0','0'),
(00111260,'Гринкевич Надежда', 'Гринкевич Надежда                                                                                   ','  .  .  ',00002,'               ','          ','  .  .  ','+7 777 411 96 32     +7 723 257 41 98','','                                        ','_1.xls','_2.xls','_3.xls','0','0','0','0' ,'0','0'),
(00111261,'Зинкова Люба', 'Зинкова Люба                                                                                        ','  .  .  ',00002,'               ','          ','  .  .  ','+7 777 283 51 14','','                                        ','_1.xls','_2.xls','_3.xls','0','0','0','0' ,'0','0'),
(00111206,'Абдулина Татьяна Генадьевна', 'Абдулина Татьяна Генадьевна                                                                         ','  .  .  ',00002,'Abdylina       ','NDPC3SSU  ','  .  .  ','+7 927 08 73 651','','tatianasvoya@gmail.ru                   ','Abdylina_1.xls','Abdylina_2.xls','Abdylina_3.xls','0','0','0','0' ,'0','0'),
(00111340,'Бочкарева Елена Александровна', 'Бочкарева Елена Александровна                                                                       ','24.10.75',00002,'               ','          ','  .  .  ','89173468783    0778383440','','                                        ','_1.xls','_2.xls','_3.xls','0','0','0','0' ,'0','0'),
(00111374,'Динара', 'Динара                                                                                              ','  .  .  ',00002,'               ','          ','  .  .  ','0079631330041','','                                        ','_1.xls','_2.xls','_3.xls','0','0','0','0' ,'0','0'),
(00111460,'Ишмухаматова Насия', 'Ишмухаматова Насия                                                                                  ','  .  .  ',00002,'               ','          ','  .  .  ','+79273039610','','                                        ','_1.xls','_2.xls','_3.xls','0','0','0','0' ,'0','0'),
(00001144,'Кулешова Зоя', 'Кулешова Зоя                                                                                        ','  .  .  ',00002,'               ','          ','  .  .  ','89170455577','','                                        ','_1.xls','_2.xls','_3.xls','0','0','0','0' ,'0','0'),
(00111267,'Мухаметзянова Гульнара', 'Мухаметзянова Гульнара                                                                              ','  .  .  ',00002,'               ','          ','  .  .  ','+7 917 748 33 40','','                                        ','_1.xls','_2.xls','_3.xls','0','0','0','0' ,'0','0'),
(00001143,'Фокина Рамзия', 'Фокина Рамзия                                                                                       ','  .  .  ',00002,'               ','          ','  .  .  ','9875977007','','                                        ','_1.xls','_2.xls','_3.xls','0','0','0','0' ,'0','0'),
(00000112,'Чолпон Ашырбай кызы', 'Чолпон Ашырбай кызы                                                                                 ','  .  .  ',00002,'               ','          ','  .  .  ','0772199603','','                                        ','_1.xls','_2.xls','_3.xls','0','0','0','0' ,'0','0'),
(00000087,'Максим   Мама', 'Максим   Мама                                                                                       ','  .  .  ',00002,'               ','          ','  .  .  ','0550091823','','                                        ','_1.xls','_2.xls','_3.xls','0','0','0','0' ,'0','0'),
(00111199,'Попович Надежда Анатольевна', 'Попович Надежда Анатольевна                                                                         ','  .  .  ',00002,'popovich       ','M4873RG2  ','  .  .  ','+79142041420   Олеся','','naglaj_89@mail.ru                       ','popovich_1.xls','popovich_2.xls','popovich_3.xls','1','0','0','0' ,'0','0'),
(00111391,'Закирова Татьяна Николаевна', 'Закирова Татьяна Николаевна                                                                         ','  .  .  ',00002,'               ','          ','  .  .  ','0079518089068','','                                        ','_1.xls','_2.xls','_3.xls','0','0','0','0' ,'0','0'),
(00111139,'Иманалиева Жылдыз', 'Иманалиева Жылдыз                                                                                   ','  .  .  ',00002,'               ','          ','  .  .  ','89122296934     +7 967 63 68 429','','                                        ','_1.xls','_2.xls','_3.xls','0','0','0','0' ,'0','0'),
(00111138,'Кулмырзаева Мэрим', 'Кулмырзаева Мэрим                                                                                   ','  .  .  ',00002,'               ','          ','  .  .  ','777589006        9514505365','','                                        ','_1.xls','_2.xls','_3.xls','0','0','0','0' ,'0','0'),
(00111430,'Легай Светлана', 'Легай Светлана Александровна                                                                        ','  .  .  ',00002,'               ','          ','  .  .  ','+7','','                                        ','_1.xls','_2.xls','_3.xls','0','0','0','0' ,'0','0'),
(00111230,'Пономарева Лариса Анатольевна', 'Пономарева Лариса Анатольевна                                                                       ','16.06.64',00002,'PONOMAREVA     ','M42L8K57  ','  .  .  ','89226994180','','plairis@mail.ru                         ','PONOMAREVA_1.xls','PONOMAREVA_2.xls','PONOMAREVA_3.xls','1','0','0','0' ,'0','0'),
(00000048,'Света', 'Света                                                                                               ','  .  .  ',00002,'               ','          ','  .  .  ','9227389144','','                                        ','_1.xls','_2.xls','_3.xls','0','0','0','0' ,'0','0'),
(00111371,'Света2', 'Света                                                                                               ','  .  .  ',00002,'               ','          ','  .  .  ','0555543781','','                                        ','_1.xls','_2.xls','_3.xls','0','0','0','0' ,'0','0'),
(00011127,'Сопкина Лариса', 'Сопкина Лариса                                                                                      ','  .  .  ',00002,'               ','          ','  .  .  ','89226328462','','                                        ','_1.xls','_2.xls','_3.xls','0','0','0','0' ,'0','0'),
(00111141,'Халдарова Гульнара', 'Халдарова Гульнара                                                                                  ','  .  .  ',00002,'               ','          ','  .  .  ','89525183008    79634756475','','                                        ','_1.xls','_2.xls','_3.xls','0','0','0','0' ,'0','0'),
(00111313,'Шафорост Юлия Александровна', 'Шафорост Юлия Александровна                                                                         ','11.08.85',00002,'               ','          ','  .  .  ','','','                                        ','_1.xls','_2.xls','_3.xls','0','0','0','0' ,'0','0'),
(00111429,'Эрматова Акбермет Токтосуновна', 'Эрматова Акбермет Токтосуновна                                                                      ','  .  .  ',00002,'               ','          ','  .  .  ','+79517849036','','                                        ','_1.xls','_2.xls','_3.xls','0','0','0','0' ,'0','0'),
(00111269,'Нятина Светлана', 'Нятина Светлана                                                                                     ','  .  .  ',00002,'               ','          ','  .  .  ','+7 909 527 08 47','','                                        ','_1.xls','_2.xls','_3.xls','0','0','0','0' ,'0','0'),
(00111228,'Лисина Светлана', 'Лисина Светлана                                                                                     ','  .  .  ',00002,'               ','          ','  .  .  ','+7 961 224 90 01','','                                        ','_1.xls','_2.xls','_3.xls','0','0','0','0' ,'0','0'),
(00111177,'Жакыпова Айсулу', 'Жакыпова Айсулу                                                                                     ','  .  .  ',00002,'               ','          ','  .  .  ','89243747408      +7 924 576 17 04','','                                        ','_1.xls','_2.xls','_3.xls','0','0','0','0' ,'0','0'),
(00111135,'Примбердиев Жыргал', 'Примбердиев Жыргал                                                                                  ','13.05.75',00002,'primberdiev    ','C2ALY54N  ','  .  .  ','89244704932','','jyrgalbek75@mail.ru                     ','primberdiev_1.xls','primberdiev_2.xls','primberdiev_3.xls','1','0','0','0' ,'0','0'),
(00111365,'Агаева Людмила Андреевна', 'Агаева Людмила Андреевна                                                                            ','  .  .  ',00002,'               ','          ','  .  .  ','89226721348, 0700407276','','                                        ','_1.xls','_2.xls','_3.xls','0','0','0','0' ,'0','0'),
(00111312,'Омурканова Тахмина Касыповна Гадина', 'Омурканова Тахмина Касыповна                                                                        ','28.04.74',00002,'               ','          ','  .  .  ','0554111952 0079892600611','','                                        ','_1.xls','_2.xls','_3.xls','0','0','0','0' ,'0','0'),
(00111279,'Савченко Наталья', 'Савченко Наталья                                                                                    ','  .  .  ',00002,'               ','          ','  .  .  ','+7 922 567 33 20','','                                        ','_1.xls','_2.xls','_3.xls','0','0','0','0' ,'0','0'),
(00000040,'Ирина', 'Ирина                                                                                               ','  .  .  ',00002,'               ','          ','  .  .  ','89233705969','','irini@mail.ru                           ','_1.xls','_2.xls','_3.xls','0','0','0','0' ,'0','0'),
(00111214,'Оксана Руч', 'Оксана Руч                                                                                          ','  .  .  ',00002,'               ','          ','  .  .  ','+7 777 290 74 39','','                                        ','_1.xls','_2.xls','_3.xls','0','0','0','0' ,'0','0'),
(00111156,'Баталова Ильза', 'Баталова Ильза                                                                                      ','  .  .  ',00002,'               ','          ','  .  .  ','89221076478','','                                        ','_1.xls','_2.xls','_3.xls','0','0','0','0' ,'0','0'),
(00000065,'Сраждинова Роза', ' Сраждинова Роза                                                                                    ','  .  .  ',00002,'               ','          ','  .  .  ','7052833235','','                                        ','_1.xls','_2.xls','_3.xls','0','0','0','0' ,'0','0'),
(00111210,'Эргешова Аида', 'Эргешова Аида                                                                                       ','  .  .  ',00002,'               ','          ','  .  .  ','8 778 218 26 03','','                                        ','_1.xls','_2.xls','_3.xls','0','0','0','0' ,'0','0'),
(00111317,'Мажинова Альфия Булановна', 'Мажинова Альфия Булановна                                                                           ','  .  .  ',00002,'               ','          ','  .  .  ','','','                                        ','_1.xls','_2.xls','_3.xls','0','0','0','0' ,'0','0'),
(00111220,'Рындич Ольга Николаевна', 'Рындич Ольга Николаевна                                                                             ','09.04.68',00002,'Rindich        ','5U425N83  ','  .  .  ','89241811776','','olgar_68@mail.ru                        ','Rindich_1.xls','Rindich_2.xls','Rindich_3.xls','1','0','0','0' ,'0','0'),
(00111468,'Бокоева Жылдыз', 'Бокоева Жылдыз                                                                                      ','  .  .  ',00002,'               ','          ','  .  .  ','','','                                        ','_1.xls','_2.xls','_3.xls','0','0','0','0' ,'0','0'),
(00001118,'Бопушева Динара', 'Бопушева Динара                                                                                     ','  .  .  ',00002,'               ','          ','  .  .  ','+79644278409','','                                        ','_1.xls','_2.xls','_3.xls','0','0','0','0' ,'0','0'),
(00111148,'Горячева Надежда', 'Горячева Надежда                                                                                    ','  .  .  ',00002,'               ','          ','  .  .  ','9241601099','','                                        ','_1.xls','_2.xls','_3.xls','0','0','0','0' ,'0','0'),
(00111446,'Ташматова Нуржамал', 'Ташматова Нуржамал                                                                                  ','  .  .  ',00002,'               ','          ','  .  .  ','+79142375758','','                                        ','_1.xls','_2.xls','_3.xls','0','0','0','0' ,'0','0'),
(00000071,'Марасулова Жумагуль', 'Марасулова Жумагуль                                                                                 ','  .  .  ',00002,'               ','          ','  .  .  ','89241704226','','                                        ','_1.xls','_2.xls','_3.xls','0','0','0','0' ,'0','0'),
(00111310,'Марина', 'Марина                                                                                              ','  .  .  ',00002,'               ','          ','  .  .  ','','','                                        ','_1.xls','_2.xls','_3.xls','0','0','0','0' ,'0','0'),
(00111389,'Мартьянова Светлана Вадимовна', 'Мартьянова Светлана Вадимовна                                                                       ','  .  .  ',00002,'               ','          ','  .  .  ','0079036464287','','    Альфа карго                         ','_1.xls','_2.xls','_3.xls','0','0','0','0' ,'0','0'),
(00111213,'Дмитрий', 'Дмитрий                                                                                             ','  .  .  ',00002,'dima           ','5TCC86E8  ','  .  .  ','','','                                        ','dima_1.xls','dima_2.xls','dima_3.xls','1','0','0','0' ,'0','0'),
(00111370,'магнитогорск', 'магнитогорск                                                                                        ','  .  .  ',00002,'               ','          ','  .  .  ','','','                                        ','_1.xls','_2.xls','_3.xls','0','0','0','0' ,'0','0'),
(00000024,'Частное лицо', 'Пасхалова Илона                                                                                     ','  .  .  ',00002,'               ','          ','  .  .  ','+7 918 63 43 179        +7 918 45 72 238','','                                        ','_1.xls','_2.xls','_3.xls','0','0','0','0' ,'0','0');

DROP TABLE IF EXISTS `ClientsM`;
CREATE TABLE `ClientsM`(
`cod` mediumint(5) NOT NULL auto_increment,
`model` mediumint(8) default NULL,
`client` mediumint(8) default NULL,
PRIMARY KEY (`cod`) );  
  

DROP TABLE IF EXISTS `Material`;
CREATE TABLE `Material`(
`cod` mediumint(5) NOT NULL auto_increment,
`name` text character set utf8 collate utf8_unicode_ci,
PRIMARY KEY (`cod`) );  

INSERT INTO `Material`  (`cod`,`name`  ) VALUES
 (46,'Аврора'),
 (18,'Атлас'),
 (1,'Атлас Горох'),
 (40,'Атлас жакард'),
 (10,'Атлас Купон'),
 (28,'Атлас х\б блестящий'),
 (13,'Атлас хб'),
 (30,'Атлас хб Цветной'),
 (11,'Атлас Цветок'),
 (48,'Атлас-принт'),
 (31,'Барби'),
 (44,'Барби флакон'),
 (12,'Бенгалин'),
 (7,'Бенгалин полоска'),
 (51,'Босс'),
 (5,'Валенсия'),
 (50,'Габардин'),
 (43,'Гипюр жесткий'),
 (37,'Гипюр на основе'),
 (22,'Гипюр с подкладом'),
 (29,'Гипюр-Сетка'),
 (16,'Джинса'),
 (21,'Драп'),
 (25,'Жакард'),
 (27,'Карлота'),
 (4,'Кашемир'),
 (32,'Кожа'),
 (47,'Креп-пунта'),
 (53,'Паетки'),
 (56,'Песок'),
 (6,'Плащевка'),
 (17,'Плащевка Клетка'),
 (38,'Плащевка стеганая'),
 (39,'Плащевка стеганая+Кашемир'),
 (52,'Сетка'),
 (54,'Сетка с вышивкой'),
 (45,'Спандекс'),
 (33,'Супрем'),
 (3,'Текстиль'),
 (35,'Текстиль турция'),
 (2,'Трикотаж'),
 (19,'Трикотаж + Гепюр'),
 (34,'Трикотаж брючный'),
 (8,'Трикотаж Итальянский'),
 (49,'Трикотаж узбекистан'),
 (9,'Трикотаж х/б'),
 (23,'Трикотаж х/б тонкий'),
 (42,'Трикотаж эластик'),
 (41,'Трикотаж-толстовка'),
 (55,'Туран'),
 (36,'Фатин'),
 (26,'ХБ Стрейч'),
 (15,'Шифон Креп'),
 (24,'Шифон Купон'),
 (20,'Шифон Резинка'),
 (14,'Эластик');

DROP TABLE IF EXISTS `MaterialColors`;
CREATE TABLE `MaterialColors`(
`cod` mediumint(5) NOT NULL auto_increment,
`color` mediumint(5) default NULL,
`material` mediumint(5) default NULL,
`photo` text character set utf8 collate utf8_unicode_ci,  
PRIMARY KEY (`cod`) );  

INSERT INTO `MaterialColors`  (`cod`,`color`,`material`,`photo`  ) VALUES
 (1,'00002','1','/photo_tkani/atl_goroh_jeltiy.jpg'),
 (2,'00007','1','/photo_tkani/atl_goroh_goluboi.jpg'),
 (3,'00023','1','/photo_tkani/atl_goroh_krasniy.jpg'),
 (4,'00005','1','/photo_tkani/atl_goroh_beliy.jpg'),
 (5,'00089','1','/photo_tkani/atl_goroh_persik.jpg'),
 (6,'00074','18',''),
 (7,'00005','18','/photo_tkani/atl_beliy.jpg'),
 (8,'00017','18',''),
 (9,'00093','18',''),
 (10,'00001','18',''),
 (11,'00004','18',''),
 (12,'00113','18',''),
 (13,'00006','18',''),
 (14,'00100','18','/photo_tkani/atl_malina1.jpg'),
 (15,'00131','18',''),
 (16,'00003','18',''),
 (17,'00103','18',''),
 (18,'00028','18',''),
 (19,'00116','18',''),
 (20,'00117','18',''),
 (21,'00118','18',''),
 (22,'00029','18',''),
 (23,'00023','18',''),
 (24,'00078','18',''),
 (25,'00033','18',''),
 (26,'00007','10','/photo_tkani/atlas_kupon_goluboi.jpg'),
 (27,'00006','10','/photo_tkani/atlas_kupon_moloch.jpg'),
 (28,'00089','10','/photo_tkani/atlas_kupon_persik.jpg'),
 (29,'00009','10','/photo_tkani/atlas_kupon_rozoviy.jpg'),
 (30,'00002','10','/photo_tkani/atlas_kupon_jeltiy.jpg'),
 (31,'00017','10','/photo_tkani/atlas_kupon_siren.jpg'),
 (32,'00003','5','/photo_tkani/valensia_biruza.jpg'),
 (33,'00009','5','/photo_tkani/valensia_rozoviy.jpg'),
 (34,'00019','5','/photo_tkani/valensia_koral.jpg'),
 (35,'00004','5','/photo_tkani/valensia_electric.jpg'),
 (36,'00093','5','/photo_tkani/valensia_brusnika.jpg'),
 (37,'00017','5','/photo_tkani/valensia_siren.jpg'),
 (38,'00029','5','/photo_tkani/valensia_malina.jpg'),
 (39,'00028','5','/photo_tkani/valensia_fiolet.jpg'),
 (40,'00005','7','/photo_tkani/bengalin_poloska.jpg'),
 (41,'00005','11','/photo_tkani/atl_cvet_beliy.jpg'),
 (42,'00033','17',''),
 (43,'00029','17','/photo_tkani/plash_klet_malin.jpg'),
 (44,'00028','17','/photo_tkani/plash_klet_fiolet.jpg'),
 (45,'00002','17','/photo_tkani/plash_klet_jelt.jpg'),
 (46,'00074','6',''),
 (47,'00023','6',''),
 (48,'00019','6','/photo_tkani/plash_koral.jpg'),
 (49,'00028','6','/photo_tkani/plash_fiolet.jpg'),
 (50,'00033','6','/photo_tkani/plash_seriy.jpg'),
 (51,'00001','14',''),
 (52,'00017','14',''),
 (53,'00003','14',''),
 (54,'00093','14',''),
 (55,'00141','3',''),
 (56,'00142','3',''),
 (57,'00005','3',''),
 (58,'00064','3','/photo_tkani/textil_siniy.jpg'),
 (59,'00158','3','/photo_tkani/textil_ser.jpg'),
 (60,'00160','3',''),
 (61,'00116','3',''),
 (62,'00117','3',''),
 (63,'00118','3',''),
 (64,'00001','3','/photo_tkani/textil_cherniy.jpg'),
 (165,'00037','4','/photo_tkani/kashmir_gorchiz.jpg'),
 (66,'00112','4','/photo_tkani/kashmir_arbus2.jpg'),
 (67,'00023','4','/photo_tkani/kashmir_krasn.jpg'),
 (166,'00162','4','/photo_tkani/kashmir_baklajan.jpg'),
 (167,'00167','4','/photo_tkani/kashmir_sv_koral.jpg'),
 (168,'00001','4','/photo_tkani/cherniy.jpg'),
 (169,'00093','4','/photo_tkani/kashmir_brusnika1.jpg'),
 (170,'00007','16','/photo_tkani/djinsa_gol.jpg'),
 (73,'00004','4',''),
 (171,'00156','16','/photo_tkani/djinsa_gol1.jpg'),
 (75,'00033','4','/photo_tkani/kashmir_seriy.jpg'),
 (172,'00003','9','/photo_tkani/trik_hb_bir.jpg'),
 (77,'00017','4','/photo_tkani/kashmir_siren.jpg'),
 (78,'00001','13',''),
 (79,'00064','16','/photo_tkani/jinsa_sin.jpg'),
 (80,'00006','15','/photo_tkani/shifon_molochniy.jpg'),
 (81,'00005','15','/photo_tkani/shifon_beliy.jpg'),
 (82,'00009','15','/photo_tkani/shifon_rozoviy.jpg'),
 (83,'00029','15','/photo_tkani/shifon_malin.jpg'),
 (84,'00074','15','/photo_tkani/shifon_arbuz.jpg'),
 (85,'00113','15',''),
 (86,'00019','15','/photo_tkani/shifon_koral.jpg'),
 (87,'00028','15','/photo_tkani/shifon_fiolet.jpg'),
 (88,'00017','20','/photo_tkani/shifon_rez_siren.jpg'),
 (89,'00009','20','/photo_tkani/shifon_rez_rozoviy.jpg'),
 (90,'00028','20','/photo_tkani/shifon_rez_fiolet.jpg'),
 (91,'00003','20','/photo_tkani/shifon_rez_biruza.jpg'),
 (92,'00003','8','/photo_tkani/dsc07209.jpg'),
 (93,'00112','8',''),
 (94,'00103','8','/photo_tkani/trik_it_rozov1.jpg'),
 (95,'00098','8','/photo_tkani/trik_it_rozoviy2.jpg'),
 (96,'00074','8','/photo_tkani/trik_it_arbuz.jpg'),
 (97,'00023','8','/photo_tkani/tric_it_kras.jpg'),
 (98,'00093','8','/photo_tkani/trik_it_brusnik.jpg'),
 (99,'00006','8','/photo_tkani/trik_it_molochniy.jpg'),
 (100,'00113','8',''),
 (101,'00146','8','/photo_tkani/trik_it_brusnik1.jpg'),
 (102,'00017','8','/photo_tkani/trik_it_siren.jpg'),
 (103,'00019','8','/photo_tkani/trik_it_koral.jpg'),
 (104,'00004','8','/photo_tkani/trik_it_electric.jpg'),
 (105,'00099','8',''),
 (106,'00001','8','/photo_tkani/trik_it_chern.jpg'),
 (107,'00028','8','/photo_tkani/trik_it_fiolet.jpg'),
 (108,'00116','2','/photo_tkani/trik_seriy1.jpg'),
 (109,'00117','2','/photo_tkani/tric_seriy2.jpg'),
 (110,'00118','2','/photo_tkani/tric_seriy3.jpg'),
 (111,'00005','2',''),
 (112,'00017','12',''),
 (113,'00006','2','/photo_tkani/trik_moloch.jpg'),
 (114,'00102','2','/photo_tkani/trik_rozoviy3.jpg'),
 (115,'00103','2','/photo_tkani/trik_rozoviy1.jpg'),
 (116,'00098','2','/photo_tkani/trik_rozoviy2.jpg'),
 (117,'00100','2','/photo_tkani/trik_malina1.jpg'),
 (118,'00101','2','/photo_tkani/trik_malina2.jpg'),
 (150,'00113','9','/photo_tkani/trik_hb_arbuz1.jpg'),
 (120,'00074','2','/photo_tkani/trik_arbuz.jpg'),
 (121,'00091','2','/photo_tkani/trik_liloviy.jpg'),
 (122,'00019','2','/photo_tkani/trik_koral.jpg'),
 (123,'00139','2','/photo_tkani/trik_siren1.jpg'),
 (124,'00119','2','/photo_tkani/trik_siren2.jpg'),
 (151,'00033','9','/photo_tkani/trik_hb_seriy.jpg'),
 (126,'00007','2','/photo_tkani/trik_goluboi.jpg'),
 (127,'00058','2','/photo_tkani/trik_tem.seriy.jpg'),
 (128,'00078','2','/photo_tkani/trik_temsiniy.jpg'),
 (129,'00033','2','/photo_tkani/trik_seriy.jpg'),
 (130,'00001','2','/photo_tkani/trik_cherniy.jpg'),
 (131,'00004','9','/photo_tkani/trik_hb_electric.jpg'),
 (132,'00009','9','/photo_tkani/trik_hb_rozoviy.jpg'),
 (133,'00078','9','/photo_tkani/trik_hb_tem_siniy.jpg'),
 (134,'00074','9','/photo_tkani/trik_hb_arbuz.jpg'),
 (135,'00023','9',''),
 (136,'00091','9','/photo_tkani/trik_hb_liloviy.jpg'),
 (137,'00006','9','/photo_tkani/trik_hb_moloch.jpg'),
 (138,'00019','9','/photo_tkani/trik_hb_koral.jpg'),
 (139,'00064','9','/photo_tkani/trik_hb_siniy.jpg'),
 (140,'00017','9','/photo_tkani/trik_hb_siren.jpg'),
 (141,'00001','9','/photo_tkani/trik_cherniy.jpg'),
 (142,'00058','9','/photo_tkani/trik_hb_tem_seriy.jpg'),
 (143,'00062','9','/photo_tkani/trik_hb_sv_seriy.jpg'),
 (144,'00162','9','/photo_tkani/trik_hb_baklajan.jpg'),
 (145,'00161','9','/photo_tkani/trik_hb_indigo.jpg'),
 (146,'00006','19','/photo_tkani/gepur_moloch.jpg'),
 (147,'00074','1','/photo_tkani/atl_goroh_arbuz.jpg'),
 (148,'00029','8','/photo_tkani/trik_it_malina.jpg'),
 (149,'00029','13','/photo_tkani/atl_hb_malina.jpg'),
 (152,'00103','9','/photo_tkani/trik_hb_rozoviy1.jpg'),
 (153,'00009','18','/photo_tkani/atl_rozoviy.jpg'),
 (154,'00004','18','/photo_tkani/atl_electr.jpg'),
 (155,'00009','6','/photo_tkani/plash_rozoviy.jpg'),
 (156,'00029','21','/photo_tkani/drap_malin.jpg'),
 (157,'00062','4','/photo_tkani/kashmir_sv_seriy.jpg'),
 (158,'00029','4','/photo_tkani/kashmir_malin.jpg'),
 (159,'00146','4','/photo_tkani/kashmir_brusnika1.jpg'),
 (160,'00019','4','/photo_tkani/kashmir_koral.jpg'),
 (161,'00009','4','/photo_tkani/kashmir_rozov.jpg'),
 (162,'00139','4','/photo_tkani/kashmir_siren1.jpg'),
 (163,'00058','4','/photo_tkani/kashmir_tem_ser.jpg'),
 (164,'00157','4','/photo_tkani/kashmir_electr.jpg'),
 (173,'00178','8','/photo_tkani/tr_it_bir3.jpg'),
 (174,'00194','8','/photo_tkani/tr_it_neon_mal.jpg'),
 (175,'00176','8','/photo_tkani/tr_it_vasil.jpg'),
 (176,'00183','8','/photo_tkani/tr_it_zel_bir.jpg'),
 (177,'00157','13','/photo_tkani/atlas_hb_elektrik.jpg'),
 (178,'00009','8','/photo_tkani/tr_it_roz3.jpg'),
 (179,'00003','23','/photo_tkani/trik_hb_bir.jpg'),
 (180,'00091','8','/photo_tkani/tr_it_lilov.jpg'),
 (181,'00176','15','/photo_tkani/shifon_krep_vasil.jpg'),
 (182,'00091','15','/photo_tkani/shifon_krep_lilov.jpg'),
 (183,'00029','1','/photo_tkani/atl_goroh_malina.jpg'),
 (184,'00165','8','/photo_tkani/trk_it_fiol3.jpg'),
 (185,'00103','15','/photo_tkani/shifon_krep_roz1.jpg'),
 (186,'00060','15','/photo_tkani/shifon_krep_salat.jpg'),
 (187,'00187','9','/photo_tkani/trik_hb_cofee.jpg'),
 (188,'00144','15','/photo_tkani/shif_krep_bir1.jpg'),
 (189,'00144','8','/photo_tkani/trik_it_bir1.jpg'),
 (190,'00131','8','/photo_tkani/trik_it_fiol1.jpg'),
 (191,'00194','15','/photo_tkani/shifon_malin.jpg'),
 (192,'00093','15','/photo_tkani/shif_krep_brus.jpg'),
 (193,'00017','15','/photo_tkani/shifkrep_sir.jpg'),
 (194,'00074','22','/photo_tkani/gip_madspod_arb.jpg'),
 (195,'00006','22','/photo_tkani/gip_madspod_mol.jpg'),
 (196,'00003','22','/photo_tkani/gip_madspod_bir.jpg'),
 (197,'00074','10','/photo_tkani/atl_cvet_arb.jpg'),
 (198,'00179','22','/photo_tkani/gip_madspod_mol.jpg'),
 (199,'00194','18','/photo_tkani/atl_neon_malina.jpg'),
 (200,'00192','18','/photo_tkani/atl_neon_lim.jpg');
DROP TABLE IF EXISTS `OpisanieModeli`;
CREATE TABLE `OpisanieModeli`(
`cod` mediumint(8) NOT NULL auto_increment,
`model` mediumint(8)  default NULL,
`modeltext` text character set utf8 collate utf8_unicode_ci,
PRIMARY KEY (`cod`) );  

INSERT INTO `OpisanieModeli` (`cod`,`model`, `modeltext` )VALUES 
(1,'00096', 'Красивое нарядное платье с кружевами и бусами подходит как для праздничных мероприятий так и для повседневных прогулок.' );

DROP TABLE IF EXISTS `Kategoria`;
CREATE TABLE `Kategoria`(
`cod` mediumint(8) NOT NULL auto_increment,
`kategoria` text character set utf8 collate utf8_unicode_ci,
PRIMARY KEY (`cod`) );  

INSERT INTO `Kategoria` (`cod`,`kategoria` )VALUES 
(4, 'ВЕРХНЯЯ ОДЕЖДА' ),
(1, 'НАРЯДНАЯ ОДЕЖДА' ),
(2, 'ПОВСЕДНЕВНАЯ ОДЕЖДА' ),
(3, 'ШКОЛЬНАЯ ФОРМА' );

DROP TABLE IF EXISTS `Part1`;
CREATE TABLE `Part1`(
`cod` mediumint(5) NOT NULL auto_increment,
`model` mediumint(8) default NULL,
`color` mediumint(5) default NULL,
`kolichestvo` mediumint(5) default NULL,
PRIMARY KEY (`cod`) );  

INSERT INTO `Part1` (`cod`, `model`, `color`, `kolichestvo`) VALUES
(4,00243, 00033, 16 ),
(5,00245, 00112, 16 ),
(10,00304, 00001, 27 ),
(11,00304, 00158, 16 ),
(12,00333, 00062, 8 ),
(13,00334, 00062, 14 ),
(17,00358, 00001, 36 ),
(19,00336, 00062, 9 ),
(20,00336, 00074, 8 ),
(22,00333, 00074, 9 ),
(23,00334, 00009, 10 ),
(27,00339, 00078, 7 ),
(28,00360, 00062, 8 ),
(29,00360, 00064, 15 ),
(31,00365, 00003, 8 ),
(33,00360, 00003, 11 ),
(34,00339, 00091, 6 ),
(35,00339, 00187, 8 ),
(38,00394, 00017, 8 ),
(39,00459, 00006, 12 ),
(40,00459, 00029, 8 ),
(41,00468, 00078, 25 ),
(42,00474, 00006, 16 ),
(43,99624, 00023, 16 ),
(44,99624, 00078, 27 ),
(45,00222, 00004, 12 ),
(46,99630, 00029, 6 ),
(47,99630, 00004, 19 ),
(49,99630, 00003, 11 ),
(50,99634, 00078, 5 ),
(51,99636, 00078, 23 ),
(54,99637, 00029, 30 ),
(57,99638, 00029, 11 ),
(58,99638, 00078, 9 ),
(59,99639, 00078, 23 ),
(61,00474, 00009, 24 ),
(62,99636, 00029, 20 ),
(63,99646, 00004, 23 ),
(64,99649, 00004, 39 ),
(65,99651, 00006, 53 ),
(66,99652, 00003, 23 ),
(67,99652, 00074, 24 ),
(68,99656, 00004, 8 ),
(69,99661, 00004, 16 ),
(70,99661, 00089, 8 ),
(71,99661, 00029, 32 ),
(72,99664, 00226, 16 ),
(74,99613, 00027, 39 ),
(75,99679, 00074, 8 ),
(77,99687, 00001, 5 ),
(80,99712, 00004, 25 ),
(81,99714, 00004, 30 ),
(82,99714, 00233, 15 ),
(83,99714, 00009, 14 ),
(84,99715, 00004, 15 ),
(85,99715, 00233, 5 ),
(86,99719, 00004, 42 ),
(87,99719, 00006, 6 ),
(88,99719, 00003, 31 ),
(89,99721, 00074, 20 ),
(90,99721, 00004, 5 ),
(91,99721, 00003, 5 ),
(95,99651, 00074, 24 ),
(96,99679, 00009, 8 ),
(97,99679, 00236, 7 ),
(98,99721, 00029, 5 ),
(99,99634, 00074, 5 ),
(100,99733, 00240, 7 ),
(101,99733, 00239, 24 ),
(108,99651, 00003, 10 ),
(109,99734, 00074, 5 ),
(111,99735, 00074, 5 ),
(112,99736, 00074, 15 ),
(113,99736, 00004, 12 ),
(115,99737, 00074, 10 ),
(116,99737, 00003, 10 ),
(117,99737, 00009, 9 ),
(118,99737, 00092, 10 ),
(120,99738, 00192, 20 ),
(122,99715, 00092, 20 ),
(123,99742, 00004, 15 ),
(124,99742, 00092, 25 ),
(125,99744, 00074, 18 ),
(126,99745, 00074, 9 ),
(127,99746, 00074, 10 ),
(128,99738, 00007, 5 ),
(129,99744, 00233, 5 ),
(130,99745, 00233, 8 ),
(133,99747, 00092, 35 ),
(134,99747, 00186, 14 ),
(135,99748, 00004, 35 ),
(136,99748, 00089, 25 ),
(137,99748, 00017, 45 ),
(138,99748, 00186, 20 ),
(139,99748, 00009, 10 ),
(140,99751, 00017, 60 ),
(141,99751, 00092, 55 ),
(142,99751, 00089, 25 ),
(143,99751, 00074, 5 ),
(144,99752, 00089, 30 ),
(145,99752, 00009, 25 ),
(146,99753, 00004, 40 ),
(147,99753, 00233, 10 ),
(148,99753, 00074, 10 ),
(149,99666, 00092, 15 ),
(150,99754, 00004, 69 ),
(151,99754, 00029, 5 ),
(152,99754, 00074, 25 ),
(153,99755, 00004, 60 ),
(154,99755, 00074, 29 ),
(158,99766, 00005, 10 ),
(159,99770, 00009, 10 ),
(160,99770, 00003, 10 ),
(165,99842, 00004, 45 ),
(166,99842, 00007, 15 ),
(168,99848, 00078, 28 ),
(169,99849, 00004, 9 ),
(170,99849, 00029, 20 ),
(171,99849, 00003, 25 ),
(172,99856, 00004, 34 ),
(173,99857, 00092, 60 ),
(174,99856, 00023, 33 ),
(175,99856, 00250, 30 ),
(176,99859, 00092, 40 ),
(177,99858, 00004, 40 ),
(178,99860, 00010, 50 ),
(180,99862, 00023, 19 ),
(181,99862, 00078, 30 ),
(182,99862, 00250, 20 );



DROP TABLE IF EXISTS `ModelPicture`;
CREATE TABLE `ModelPicture`(
`cod` int(12) NOT NULL auto_increment,
`model` mediumint(8)  default NULL,
`photo` text character set utf8 collate utf8_unicode_ci,  
PRIMARY KEY (`cod`) );  

INSERT INTO `ModelPicture`  (`cod`,`model`,`photo` ) VALUES
 (1,96600,'photo/add/96600/104-2.jpg'),
 (2,00146,'photo/add/146/233.jpg'),
 (3,00010,'photo/add/10/261-2.jpg'),
 (4,00116,'photo/add/116/284-2.jpg'),
 (5,00116,'photo/add/116/284-3.jpg'),
 (6,00126,'photo/add/126/286-1.jpg'),
 (7,00188,'photo/add/188/301-1.jpg');